batch_size,worker_num,prefetch_factor,AVG_data,AVG_train,data_per,MIN_data,MAX_data,Median_data,p99_data,MIN_train,MAX_train,Median_train,p99_train,AVG_todevice,MIN_todevice,MAX_todevice,Median_todevice,p99_todevice
16,1,9,0.10242574822668936,0.03131331649481082,0.7658626029723025,0.0009493827819824219,0.33801722526550293,0.10414409637451172,0.26102256774902344,0.015774250030517578,0.49234509468078613,0.02222132682800293,0.26053905487060547,0.000882723752190085,0.0007920265197753906,0.0011649131774902344,0.0008788108825683594,0.0010404586791992188
16,1,10,0.09988732431449142,0.031098557453529508,0.762580844334004,0.0009315013885498047,0.3494572639465332,0.10248970985412598,0.26732194423675537,0.015704870223999023,0.48978614807128906,0.022253990173339844,0.2575165033340454,0.0008809659995284735,0.0007913112640380859,0.0011699199676513672,0.0008771419525146484,0.0010464191436767578
16,1,11,0.10368639347600002,0.03118271453707826,0.7687927576858115,0.0009589195251464844,0.3651461601257324,0.10639572143554688,0.2738194465637207,0.01594090461730957,0.49318432807922363,0.022188663482666016,0.2599693536758423,0.0008819991467045803,0.0007946491241455078,0.0012125968933105469,0.0008785724639892578,0.0010612010955810547
16,1,12,0.09984445104412004,0.03211255167044845,0.7566438232921221,0.0009381771087646484,0.34022998809814453,0.1024775505065918,0.24889230728149414,0.01624155044555664,0.4943869113922119,0.02317953109741211,0.2597430944442749,0.0009528889375574448,0.0007915496826171875,0.0043714046478271484,0.000881195068359375,0.002764463424682617
16,1,13,0.0993504477482216,0.03293508641860064,0.7510303252276476,0.0009627342224121094,0.3543109893798828,0.1023716926574707,0.2658904790878296,0.016107797622680664,0.5425384044647217,0.023175716400146484,0.2862128019332886,0.0008913021461636413,0.0007929801940917969,0.0011849403381347656,0.0008788108825683594,0.0011477470397949219
16,1,14,0.10524217755186792,0.033692635741888306,0.7574932089148136,0.0009777545928955078,0.36621809005737305,0.10943388938903809,0.27095162868499756,0.01674938201904297,0.5146663188934326,0.024034738540649414,0.27564048767089844,0.0008848414701573989,0.0007979869842529297,0.0011975765228271484,0.000881195068359375,0.0010551214218139648
16,1,15,0.10087170787886077,0.03128946528715246,0.7632476729920638,0.0009436607360839844,0.3664205074310303,0.10232043266296387,0.2684013843536377,0.01565694808959961,0.4969289302825928,0.022369384765625,0.25996220111846924,0.0008856829474954045,0.0007925033569335938,0.0011556148529052734,0.0008821487426757812,0.001042008399963379
16,1,16,0.10140330651227165,0.03339398141000785,0.7522651833376505,0.0009768009185791016,0.37326693534851074,0.10490846633911133,0.28114891052246094,0.017599821090698242,0.5121040344238281,0.023543357849121094,0.2750006914138794,0.0008824853336109835,0.0008020401000976562,0.00113677978515625,0.0008785724639892578,0.0010242462158203125
16,2,9,0.037711381912231445,0.03369282741172641,0.5281394790205787,0.0010559558868408203,0.35567212104797363,0.002334117889404297,0.22547698020935059,0.018944263458251953,0.5361371040344238,0.023125886917114258,0.2901930809020996,0.0009473492117489086,0.0008094310760498047,0.0047054290771484375,0.0008668899536132812,0.0029511451721191406
16,2,10,0.0365747376984241,0.034097657484166766,0.5175250902976862,0.0010390281677246094,0.362168550491333,0.0013196468353271484,0.25159764289855957,0.01698589324951172,0.6545639038085938,0.0220949649810791,0.3466097116470337,0.0008681615193684896,0.0008099079132080078,0.0012068748474121094,0.0008482933044433594,0.0011113882064819336
16,2,11,0.03879720089482326,0.032008030835319966,0.5479425735472384,0.0009930133819580078,0.38664913177490234,0.0013027191162109375,0.28814685344696045,0.016340970993041992,0.5597457885742188,0.021809101104736328,0.2925400733947754,0.0008588772194058288,0.0008001327514648438,0.0011861324310302734,0.0008392333984375,0.0010476112365722656
16,2,12,0.03876332208222034,0.030912179572909485,0.5563407677218555,0.0009076595306396484,0.37958478927612305,0.0013241767883300781,0.23769402503967285,0.015327930450439453,0.5344398021697998,0.020708799362182617,0.2813761234283447,0.0008552354924819048,0.0007851123809814453,0.001161813735961914,0.0008370876312255859,0.0010521411895751953
16,2,13,0.03587843390072093,0.03289185318292356,0.5217141795130564,0.0009691715240478516,0.39946603775024414,0.0014247894287109375,0.2893025875091553,0.016573667526245117,0.5628812313079834,0.0226137638092041,0.29510974884033203,0.0008682690414727903,0.0007970333099365234,0.0012073516845703125,0.0008666515350341797,0.0010710954666137695
16,2,14,0.03879012313543582,0.03097693592894311,0.5559948155424105,0.0009765625,0.35686659812927246,0.0013904571533203125,0.2742701768875122,0.015985727310180664,0.5354869365692139,0.020817995071411133,0.2813054323196411,0.0008664785646924786,0.0007979869842529297,0.0011866092681884766,0.0008642673492431641,0.0010782480239868164
16,2,15,0.03887155944225835,0.03230036006254308,0.5461642697389381,0.0009992122650146484,0.3680126667022705,0.012156009674072266,0.2297072410583496,0.015993118286132812,0.5857656002044678,0.021785497665405273,0.30613231658935547,0.0008654547672645718,0.0008029937744140625,0.0011677742004394531,0.0008685588836669922,0.0010627508163452148
16,2,16,0.033602181602926814,0.03266603806439568,0.507063291750033,0.0009241104125976562,0.3594169616699219,0.0013208389282226562,0.22743892669677734,0.015183448791503906,0.6354706287384033,0.02084183692932129,0.33171558380126953,0.0008562592899098116,0.0007901191711425781,0.001222848892211914,0.0008411407470703125,0.0011197328567504883
16,4,9,0.008453691706937902,0.03703594207763672,0.18583776134519067,0.000934600830078125,0.3650825023651123,0.0013113021850585938,0.1834045648574829,0.015473365783691406,0.7693912982940674,0.02100992202758789,0.41574275493621826,0.0008504016726624732,0.0007939338684082031,0.0011997222900390625,0.0008361339569091797,0.0011255741119384766
16,4,10,0.008850116355746401,0.03716360821443446,0.19233644827529803,0.0009584426879882812,0.3877279758453369,0.001280069351196289,0.19486713409423828,0.015347719192504883,0.7858242988586426,0.02090740203857422,0.4241671562194824,0.0008462083105947458,0.0007834434509277344,0.0011637210845947266,0.0008335113525390625,0.0010578632354736328
16,4,11,0.010334487054862227,0.03876641684887456,0.21047447670460764,0.0010101795196533203,0.46050047874450684,0.0013287067413330078,0.2312486171722412,0.01905035972595215,0.761817455291748,0.023432016372680664,0.41181647777557373,0.0008551980934891046,0.0008134841918945312,0.001283884048461914,0.0008404254913330078,0.0012301206588745117
16,4,12,0.009134479597503064,0.03715011652778177,0.19735463549854734,0.000997304916381836,0.4003019332885742,0.0013031959533691406,0.2010350227355957,0.017351150512695312,0.7897686958312988,0.02128458023071289,0.4162592887878418,0.0008461849362242455,0.0008077621459960938,0.0011868476867675781,0.0008363723754882812,0.0010677576065063477
16,4,13,0.009776409934548771,0.035674880532657396,0.2150964215549085,0.001007080078125,0.4354732036590576,0.0012655258178710938,0.21860730648040771,0.017508506774902344,0.7397420406341553,0.02084064483642578,0.39944374561309814,0.0008435670067282284,0.0008113384246826172,0.00115966796875,0.0008351802825927734,0.001043558120727539
16,4,14,0.008648428262448778,0.035876161911908316,0.19423936814649537,0.0010466575622558594,0.3765270709991455,0.0012824535369873047,0.18904805183410645,0.017330646514892578,0.7982368469238281,0.020403146743774414,0.4159872531890869,0.0008417905545702167,0.0008091926574707031,0.0011594295501708984,0.0008304119110107422,0.0010443925857543945
16,4,15,0.009383215623743394,0.03529959098965514,0.20999611114244007,0.0010242462158203125,0.4138970375061035,0.0012602806091308594,0.20806264877319336,0.018671512603759766,0.7052764892578125,0.021511077880859375,0.36617493629455566,0.0008426086575377221,0.0008130073547363281,0.0011496543884277344,0.0008361339569091797,0.0010162591934204102
16,4,16,0.008220976474238377,0.03627470895355823,0.18475895797983832,0.001024484634399414,0.35440993309020996,0.0012993812561035156,0.1780942678451538,0.017410993576049805,0.7858121395111084,0.020848751068115234,0.4178081750869751,0.0008426974801456227,0.0008037090301513672,0.0012559890747070312,0.0008335113525390625,0.0010807514190673828
16,8,9,0.010677309597239774,0.04568319694668639,0.18944665781025422,0.0010945796966552734,0.4723367691040039,0.001405477523803711,0.23730766773223877,0.020508527755737305,1.066328525543213,0.02238178253173828,0.5674238204956055,0.000861663444369447,0.0008182525634765625,0.0012423992156982422,0.0008518695831298828,0.0011172294616699219
16,8,10,0.011539833218443627,0.0458222838009105,0.20117516259990992,0.0010068416595458984,0.5165989398956299,0.0013675689697265625,0.26085221767425537,0.01375436782836914,1.1543865203857422,0.022323131561279297,0.6081801652908325,0.0009406594669117647,0.0008122920989990234,0.004644632339477539,0.0008432865142822266,0.0028983354568481445
16,8,11,0.011819180320290959,0.04691839685627058,0.20122008581939343,0.0010445117950439453,0.5329596996307373,0.0013523101806640625,0.26763689517974854,0.020607471466064453,1.0439119338989258,0.023001432418823242,0.5534018278121948,0.000859830893722235,0.0008211135864257812,0.0011861324310302734,0.0008447170257568359,0.001112818717956543
16,8,12,0.01036514955408433,0.04955287073172775,0.1729888521790611,0.001005411148071289,0.4591646194458008,0.0013592243194580078,0.23060905933380127,0.0152435302734375,1.078202486038208,0.024310588836669922,0.571302056312561,0.0008536460352878945,0.0008027553558349609,0.001226663589477539,0.0008437633514404297,0.0010665655136108398
16,8,13,0.010787809596342198,0.05044982012580423,0.1761630821651612,0.0011057853698730469,0.471466064453125,0.0013747215270996094,0.24077296257019043,0.020180702209472656,1.0651123523712158,0.023508548736572266,0.5664581060409546,0.0008640008814194623,0.0008213520050048828,0.00128936767578125,0.0008487701416015625,0.001231074333190918
16,8,14,0.010130054810467888,0.051962815079034545,0.1631436077684098,0.001058816909790039,0.4497416019439697,0.0013463497161865234,0.22575783729553223,0.018094301223754883,1.2009196281433105,0.02191638946533203,0.6288092136383057,0.0008496723923028685,0.0008175373077392578,0.001161813735961914,0.0008447170257568359,0.001028895378112793
16,8,15,0.010526830074833888,0.0532679838292739,0.16501074978692054,0.0011432170867919922,0.46555566787719727,0.0013849735260009766,0.23374128341674805,0.02015376091003418,1.0529067516326904,0.0232846736907959,0.5609050989151001,0.0008639167336856618,0.0008218288421630859,0.001199483871459961,0.00084686279296875,0.0010941028594970703
16,8,16,0.01092830358767042,0.05350647720636106,0.16960255708176006,0.001016378402709961,0.4841461181640625,0.0013921260833740234,0.24554097652435303,0.012430191040039062,1.0408613681793213,0.025188446044921875,0.5532898902893066,0.0008606536715638404,0.0007936954498291016,0.0011887550354003906,0.0008475780487060547,0.0011142492294311523
16,16,9,0.014112159317614986,0.05399067729127174,0.20721837768169402,0.0012068748474121094,0.6403684616088867,0.001382589340209961,0.3251391649246216,0.020887374877929688,1.0543088912963867,0.0370638370513916,0.5577712059020996,0.0008615652720133463,0.0008172988891601562,0.0012493133544921875,0.0008490085601806641,0.0010912418365478516
16,16,10,0.014499416538313324,0.05872100942275103,0.19802420360164968,0.0010890960693359375,0.6675267219543457,0.0014238357543945312,0.33484697341918945,0.021486997604370117,1.1377267837524414,0.04107308387756348,0.6007612943649292,0.0008625890694412531,0.000820159912109375,0.0012099742889404297,0.0008497238159179688,0.0010529756546020508
16,16,11,0.017549089356964708,0.061762697556439566,0.22126710341459704,0.0009760856628417969,0.8023669719696045,0.0014159679412841797,0.4070333242416382,0.020621299743652344,1.085754156112671,0.04185962677001953,0.6018928289413452,0.0008684794108072916,0.0008132457733154297,0.0012781620025634766,0.0008549690246582031,0.001120448112487793
16,16,12,0.012936035792032877,0.064680440753114,0.16666610451594543,0.0010499954223632812,0.5778355598449707,0.0014324188232421875,0.29393911361694336,0.02203655242919922,1.1663551330566406,0.04203319549560547,0.6507750749588013,0.00086822696760589,0.000812530517578125,0.0014252662658691406,0.0008516311645507812,0.001194000244140625
16,16,13,0.013163992002898571,0.06735575900358312,0.1634877385778167,0.0010530948638916016,0.5985536575317383,0.0014224052429199219,0.30029284954071045,0.01787090301513672,1.2046101093292236,0.04178881645202637,0.6696841716766357,0.0008628415126426547,0.0008213520050048828,0.0013418197631835938,0.0008490085601806641,0.0011205673217773438
16,16,14,0.012041264889287013,0.06749956280577417,0.15138470692623524,0.0011606216430664062,0.5229151248931885,0.0015075206756591797,0.26609134674072266,0.02982616424560547,1.2122244834899902,0.04112076759338379,0.6755516529083252,0.0008796617096545649,0.0008065700531005859,0.0016186237335205078,0.0008611679077148438,0.0013140439987182617
16,16,15,0.013231431736665614,0.06214178777208515,0.175545529604576,0.0010724067687988281,0.6039841175079346,0.0014023780822753906,0.3028562068939209,0.018119335174560547,1.1279354095458984,0.04238080978393555,0.6225405931472778,0.0008732898562562232,0.0008268356323242188,0.0013110637664794922,0.0008525848388671875,0.0012418031692504883
16,16,16,0.013131295933442958,0.06608142104803347,0.16577257331690387,0.0011534690856933594,0.583686351776123,0.0015468597412109375,0.29593777656555176,0.018804550170898438,1.1315982341766357,0.042612314224243164,0.6649340391159058,0.0008822796391505821,0.0008256435394287109,0.0012521743774414062,0.0008676052093505859,0.0011898279190063477
16,32,9,0.022919435127108704,0.06201584666383033,0.2698458713956226,0.0010271072387695312,1.0716147422790527,0.001497030258178711,0.5404490232467651,0.022353410720825195,1.1096258163452148,0.039700984954833984,0.5876621007919312,0.0008686991298899931,0.0008134841918945312,0.0014107227325439453,0.0008516311645507812,0.0011599063873291016
16,32,10,0.016359114179424213,0.06005092695647595,0.21409639278074039,0.0009851455688476562,0.762686014175415,0.0014431476593017578,0.38231492042541504,0.018607139587402344,1.158048152923584,0.04026532173156738,0.606568455696106,0.0008624628478405523,0.0008018016815185547,0.0011768341064453125,0.0008542537689208984,0.0010339021682739258
16,32,11,0.02649681708391975,0.0650938632441502,0.28929599593550814,0.0011658668518066406,1.277158260345459,0.001451730728149414,0.6395447254180908,0.023479938507080078,1.081709384918213,0.04601407051086426,0.5743163824081421,0.0008751551310221354,0.0008435249328613281,0.001226186752319336,0.0008568763732910156,0.0011206865310668945
16,32,12,0.018501903496536555,0.06467227842293534,0.22244767630476778,0.0011603832244873047,0.855889081954956,0.001661062240600586,0.43037497997283936,0.01892828941345215,1.054983139038086,0.04780316352844238,0.558151364326477,0.0008989081663243911,0.0008466243743896484,0.001477956771850586,0.0008678436279296875,0.0014249086380004883
16,32,13,0.02164019790350222,0.0634459327248966,0.2543328477118393,0.0009753704071044922,1.0305356979370117,0.0014629364013671875,0.5163419246673584,0.020459413528442383,1.1631593704223633,0.04562020301818848,0.6099692583084106,0.0008785023408777573,0.0008020401000976562,0.0016014575958251953,0.0008609294891357422,0.0012867450714111328
16,32,14,0.01861877534903732,0.0695813356661329,0.21109696047701043,0.001199960708618164,0.8680524826049805,0.0014345645904541016,0.43857812881469727,0.017997026443481445,1.3117260932922363,0.0471193790435791,0.6863135099411011,0.0008721819110945159,0.0008275508880615234,0.0013034343719482422,0.0008575916290283203,0.001116037368774414
16,32,15,0.016526264302870807,0.06910350275974647,0.1929967214646967,0.0010900497436523438,0.7621726989746094,0.0014889240264892578,0.385351300239563,0.023744583129882812,1.2588529586791992,0.04568052291870117,0.6674554347991943,0.0008865057253370099,0.0008261203765869141,0.0011417865753173828,0.0008652210235595703,0.001129746437072754
16,32,16,0.017152047624775006,0.060892282747754864,0.21977314102001963,0.0011920928955078125,0.7967875003814697,0.001528024673461914,0.39953041076660156,0.022450685501098633,0.9981698989868164,0.0419008731842041,0.5391701459884644,0.001003134484384574,0.0008242130279541016,0.007122039794921875,0.0008678436279296875,0.0041686296463012695
32,1,9,0.230789909175798,0.033266114253623816,0.8740187259446656,0.0017850399017333984,0.5340509414672852,0.23492884635925293,0.4177473783493042,0.020697593688964844,0.5278918743133545,0.02277851104736328,0.28233397006988525,0.0016473181107464958,0.0015473365783691406,0.002378225326538086,0.0016353130340576172,0.002026796340942383
32,1,10,0.22756125412735284,0.0316316754210229,0.8779608862165387,0.0017671585083007812,0.5155067443847656,0.22573256492614746,0.4137132167816162,0.020226478576660156,0.46992039680480957,0.022830963134765625,0.2521817684173584,0.0016950252009373084,0.0015430450439453125,0.004252910614013672,0.0016241073608398438,0.0034224987030029297
32,1,11,0.21962989077848546,0.03284822725782208,0.8698967359496147,0.0017459392547607422,0.5238840579986572,0.2217721939086914,0.4106431007385254,0.019997358322143555,0.5165798664093018,0.022904157638549805,0.27605342864990234,0.0016812202977199181,0.0015411376953125,0.004245758056640625,0.0016322135925292969,0.0029588937759399414
32,1,12,0.22987022586897307,0.033103255664601046,0.8741194151153422,0.0016257762908935547,0.5030543804168701,0.23253679275512695,0.4118753671646118,0.020493268966674805,0.48877573013305664,0.023874759674072266,0.26164817810058594,0.001648094139847101,0.0015108585357666016,0.002389669418334961,0.0016314983367919922,0.0020312070846557617
32,1,13,0.22044634819030762,0.032019675946703144,0.8731723365306122,0.0017578601837158203,0.5253961086273193,0.22193098068237305,0.4144550561904907,0.01738595962524414,0.5045044422149658,0.022629737854003906,0.27076756954193115,0.0016359301174388213,0.0015444755554199219,0.002391338348388672,0.0016210079193115234,0.002019047737121582
32,1,14,0.23028307335049497,0.03224953950620165,0.8771598729952647,0.0018024444580078125,0.5029914379119873,0.23180055618286133,0.4083893299102783,0.021564483642578125,0.4657249450683594,0.023342370986938477,0.2503054141998291,0.0016722538891960593,0.001554250717163086,0.003907918930053711,0.0016269683837890625,0.002780914306640625
32,1,15,0.22107664276571834,0.03339810932383818,0.8687566878458557,0.00167083740234375,0.5112583637237549,0.22781991958618164,0.409063458442688,0.020532846450805664,0.547137975692749,0.023020029067993164,0.29089879989624023,0.0016416568382113588,0.001527547836303711,0.002399444580078125,0.0016279220581054688,0.002023458480834961
32,1,16,0.22146260504629098,0.03217909382838829,0.8731316894219058,0.0016853809356689453,0.5349619388580322,0.22356081008911133,0.4166008234024048,0.020145893096923828,0.4931948184967041,0.022839784622192383,0.2640944719314575,0.001639875711179247,0.0015285015106201172,0.0023987293243408203,0.001623392105102539,0.0020335912704467773
32,2,9,0.0894619670568728,0.03301820100522509,0.7304200220521845,0.0016088485717773438,0.5542128086090088,0.00827336311340332,0.400531530380249,0.019048690795898438,0.5913074016571045,0.021284103393554688,0.3130059242248535,0.0016118638655718636,0.0015103816986083984,0.0024988651275634766,0.0015866756439208984,0.0021011829376220703
32,2,10,0.09370527547948501,0.03322008544323491,0.7382707033351564,0.0016224384307861328,0.49780988693237305,0.026240825653076172,0.3697011470794678,0.019686222076416016,0.5829896926879883,0.021957874298095703,0.3087282180786133,0.0016120274861653645,0.0015139579772949219,0.0023894309997558594,0.0016155242919921875,0.002020597457885742
32,2,11,0.09502438002941656,0.033534877440508676,0.739148482182594,0.0016255378723144531,0.5213449001312256,0.07529282569885254,0.3778609037399292,0.0187680721282959,0.5722854137420654,0.022590160369873047,0.3050343990325928,0.001627197452619964,0.0015094280242919922,0.002409219741821289,0.0016169548034667969,0.002124309539794922
32,2,12,0.09770277902191761,0.03192896468966615,0.7536948607225052,0.0016074180603027344,0.5645718574523926,0.0021448135375976562,0.4167604446411133,0.01912522315979004,0.5658655166625977,0.02033543586730957,0.3002200126647949,0.0016675556407255284,0.0015137195587158203,0.004760265350341797,0.0016012191772460938,0.003584742546081543
32,2,13,0.09326723977631214,0.03361945993760053,0.735043467807097,0.0016345977783203125,0.5011482238769531,0.0021767616271972656,0.38640475273132324,0.019034385681152344,0.6188597679138184,0.0212857723236084,0.32653820514678955,0.0016105922998166551,0.0015137195587158203,0.0024499893188476562,0.0015969276428222656,0.0020623207092285156
32,2,14,0.0942212086097867,0.03163822491963705,0.7486225383952599,0.0016074180603027344,0.5415875911712646,0.002166748046875,0.390950083732605,0.01946544647216797,0.5150020122528076,0.020897626876831055,0.27592647075653076,0.0016877417470894608,0.0015087127685546875,0.005227327346801758,0.0015990734100341797,0.0038367509841918945
32,2,15,0.09631963337168974,0.032580660838706824,0.7472413772343508,0.001638174057006836,0.5457949638366699,0.0021522045135498047,0.4046119451522827,0.01900935173034668,0.5901103019714355,0.020488977432250977,0.31399965286254883,0.0016064176372453279,0.0015208721160888672,0.0024013519287109375,0.001583099365234375,0.0020494461059570312
32,2,16,0.09961893511753456,0.03210681092505362,0.7562601701669377,0.0016369819641113281,0.5756967067718506,0.02480483055114746,0.4202233552932739,0.019578933715820312,0.5005931854248047,0.022065162658691406,0.2838484048843384,0.001616361094456093,0.001520395278930664,0.002145528793334961,0.0016200542449951172,0.0019223690032958984
32,4,9,0.03112011797287885,0.03361909997229483,0.4806996278397098,0.0016171932220458984,0.6015810966491699,0.0016973018646240234,0.3960212469100952,0.01911330223083496,0.6836719512939453,0.01987433433532715,0.3589359521865845,0.001569663777070887,0.0015130043029785156,0.0025496482849121094,0.001531362533569336,0.0020972490310668945
32,4,10,0.02763783230501063,0.03464598749198165,0.44374016229404856,0.0016150474548339844,0.5588109493255615,0.001825571060180664,0.36194324493408203,0.019032001495361328,0.6802711486816406,0.020185470581054688,0.36862337589263916,0.0015779757032207415,0.0015125274658203125,0.002488374710083008,0.0015435218811035156,0.002072930335998535
32,4,11,0.029243796479468252,0.032721570893829946,0.47193775683269557,0.0016124248504638672,0.5684640407562256,0.0017516613006591797,0.3785886764526367,0.012762069702148438,0.648029088973999,0.02007436752319336,0.3414783477783203,0.0015691682404162838,0.0015118122100830078,0.0024712085723876953,0.001535654067993164,0.0020599365234375
32,4,12,0.028715872297099994,0.03388837272045659,0.458688900234273,0.0016083717346191406,0.5789353847503662,0.0017290115356445312,0.38814377784729004,0.019089460372924805,0.6826751232147217,0.02004861831665039,0.35850977897644043,0.0015725995980057062,0.0015110969543457031,0.002473592758178711,0.0015370845794677734,0.0020624399185180664
32,4,13,0.026783237270280428,0.03376714856016869,0.4423297540213505,0.0016014575958251953,0.5437231063842773,0.0017719268798828125,0.3619718551635742,0.018828630447387695,0.6850039958953857,0.02017068862915039,0.36028289794921875,0.0015656714345894608,0.0015099048614501953,0.0024094581604003906,0.0015349388122558594,0.00202333927154541
32,4,14,0.02536776019077675,0.0377663771311442,0.40180734649824307,0.001603841781616211,0.5824844837188721,0.0018148422241210938,0.33215200901031494,0.019058942794799805,0.8498368263244629,0.020395517349243164,0.44234490394592285,0.0015735345728257123,0.001512765884399414,0.002499103546142578,0.001537322998046875,0.002091050148010254
32,4,15,0.027478320925843482,0.03433418273925781,0.4445430826539624,0.0016112327575683594,0.5236532688140869,0.001787424087524414,0.34645402431488037,0.01914691925048828,0.6925060749053955,0.020290613174438477,0.3635251522064209,0.0015702060624664905,0.0015096664428710938,0.002382993698120117,0.0015323162078857422,0.0020651817321777344
32,4,16,0.027205317628149893,0.03344519465577369,0.4485587442492404,0.0015971660614013672,0.5620641708374023,0.0018336772918701172,0.3663228750228882,0.019143104553222656,0.6729781627655029,0.02003002166748047,0.3538196086883545,0.0015629880568560433,0.0015094280242919922,0.002513408660888672,0.0015320777893066406,0.002070188522338867
32,8,9,0.015201007618623622,0.0482172825757195,0.23969437794744491,0.001650094985961914,0.6829864978790283,0.0018100738525390625,0.3426930904388428,0.019562244415283203,1.2821452617645264,0.02112603187561035,0.6742250919342041,0.0015669990988338694,0.00151824951171875,0.0025866031646728516,0.0015404224395751953,0.002106308937072754
32,8,10,0.015172430113250134,0.04914202877119476,0.235910095123567,0.0016396045684814453,0.6777029037475586,0.0018277168273925781,0.3400486707687378,0.019656658172607422,1.2773768901824951,0.021770000457763672,0.6638848781585693,0.0015805609085980583,0.0015177726745605469,0.002597808837890625,0.0015652179718017578,0.0021355152130126953
32,8,11,0.017550272100112018,0.04761876311956668,0.2693038502250601,0.001684427261352539,0.7985608577728271,0.0018808841705322266,0.4005500078201294,0.019466400146484375,1.169520616531372,0.021520614624023438,0.6104854345321655,0.0015959599438835593,0.0015232563018798828,0.0033621788024902344,0.001558065414428711,0.002493619918823242
32,8,12,0.015096192266426835,0.050690230201272404,0.22947276505025,0.0016388893127441406,0.6729249954223633,0.0019156932830810547,0.33781373500823975,0.019262075424194336,1.3677432537078857,0.020700931549072266,0.7152923345565796,0.001575932783239028,0.0015172958374023438,0.002611398696899414,0.0015549659729003906,0.00212252140045166
32,8,13,0.0163268435235117,0.05125108887167538,0.24160022280697213,0.001687765121459961,0.7328042984008789,0.0020453929901123047,0.36766886711120605,0.01991868019104004,1.282355546951294,0.02184915542602539,0.6783214807510376,0.0016082875868853402,0.0015232563018798828,0.003631114959716797,0.001567840576171875,0.0026340484619140625
32,8,14,0.013968056323481541,0.049004615521898456,0.22181139713712672,0.0016431808471679688,0.61997389793396,0.0018422603607177734,0.3111457824707031,0.019472599029541016,1.3574326038360596,0.0202481746673584,0.7094407081604004,0.001572263007070504,0.0015180110931396484,0.0029201507568359375,0.0015375614166259766,0.002290964126586914
32,8,15,0.016582157097610774,0.048952579498291016,0.2530285152416061,0.0016393661499023438,0.7489607334136963,0.0018663406372070312,0.37578797340393066,0.019314289093017578,1.296973705291748,0.02093815803527832,0.6703201532363892,0.0015809208739037608,0.00151824951171875,0.0028390884399414062,0.0015518665313720703,0.0022422075271606445
32,8,16,0.014665575588450712,0.05299970682929544,0.21673707792882074,0.0016720294952392578,0.6528184413909912,0.0018343925476074219,0.3276616334915161,0.015711069107055664,1.3621196746826172,0.022642850875854492,0.7059320211410522,0.0015729315140668083,0.0015180110931396484,0.0025560855865478516,0.0015492439270019531,0.00208282470703125
32,16,9,0.021898811938715915,0.058864537407370174,0.27114789215681734,0.0018579959869384766,1.0041425228118896,0.0021860599517822266,0.5051345825195312,0.023783206939697266,1.1292216777801514,0.03642749786376953,0.5955302715301514,0.0016914302227543849,0.001552581787109375,0.005406618118286133,0.0015954971313476562,0.003990888595581055
32,16,10,0.01587961701785817,0.055049227733238074,0.22388094820355495,0.001728057861328125,0.7031328678131104,0.002147197723388672,0.3529841899871826,0.015614748001098633,1.3575844764709473,0.02474689483642578,0.722753643989563,0.001599886838127585,0.0015239715576171875,0.0027475357055664062,0.001583099365234375,0.0021802186965942383
32,16,11,0.015157779057820639,0.06314351511936561,0.19358273981424165,0.0017514228820800781,0.6637909412384033,0.0021533966064453125,0.3338310718536377,0.021763086318969727,1.311643362045288,0.038047075271606445,0.6804251670837402,0.0016367996440214269,0.001535654067993164,0.0044841766357421875,0.0015773773193359375,0.003094315528869629
32,16,12,0.01644611826129988,0.06340386353287042,0.20596270521004154,0.0018765926361083984,0.7282779216766357,0.002217531204223633,0.36541616916656494,0.023552417755126953,1.288654088973999,0.03939032554626465,0.6757036447525024,0.0016227142483580346,0.0015552043914794922,0.0029153823852539062,0.0015988349914550781,0.002276301383972168
32,16,13,0.01832108404122147,0.06357982579399557,0.22369817475878004,0.0019943714141845703,0.8239099979400635,0.0022084712982177734,0.4132392406463623,0.021676301956176758,1.4274487495422363,0.03719305992126465,0.7444219589233398,0.0016172025717940985,0.0015571117401123047,0.002671480178833008,0.0015959739685058594,0.00216066837310791
32,16,14,0.02316430970734241,0.06175133761237649,0.27279200522520486,0.0018992424011230469,1.0664703845977783,0.0022597312927246094,0.5350867509841919,0.02200627326965332,1.2074594497680664,0.0386199951171875,0.6334716081619263,0.0016525118958716299,0.0015676021575927734,0.004094839096069336,0.0015974044799804688,0.0028798580169677734
32,16,15,0.021737991594800762,0.06337081684785731,0.2554141221404445,0.0018227100372314453,0.9974987506866455,0.002218008041381836,0.5000253915786743,0.023728132247924805,1.2656128406524658,0.039743900299072266,0.6631604433059692,0.0016240372377283434,0.001567840576171875,0.0026242733001708984,0.0016031265258789062,0.002148747444152832
32,16,16,0.018190533507104013,0.05953199255700205,0.23404454832181262,0.0017426013946533203,0.8152549266815186,0.002249479293823242,0.40897250175476074,0.021080970764160156,1.2054498195648193,0.039901018142700195,0.6433767080307007,0.0016265382953718596,0.00153350830078125,0.0026280879974365234,0.0016107559204101562,0.0021401643753051758
32,32,9,0.021482191833795284,0.07192349901386336,0.22998804075901516,0.0020236968994140625,0.9835023880004883,0.0022318363189697266,0.49311399459838867,0.022185087203979492,1.6944549083709717,0.03760552406311035,0.8808819055557251,0.0016277257133932674,0.0015647411346435547,0.003016948699951172,0.001596212387084961,0.002346038818359375
32,32,10,0.020185105940874887,0.06531626570458506,0.2360793230847157,0.0018048286437988281,0.8997650146484375,0.0022881031036376953,0.4588279724121094,0.0218658447265625,1.3705172538757324,0.039502859115600586,0.7168633937835693,0.0016404787699381511,0.0015549659729003906,0.003244638442993164,0.0015964508056640625,0.0024993419647216797
32,32,11,0.029107248081880456,0.061125535590975895,0.32257952040369603,0.0018224716186523438,1.3383371829986572,0.0023756027221679688,0.678075909614563,0.022796154022216797,1.193009376525879,0.037882328033447266,0.630185604095459,0.0019504930458816828,0.001562356948852539,0.018651247024536133,0.0016047954559326172,0.010238885879516602
32,32,12,0.025029883665197036,0.06364922430001053,0.28225231669016426,0.0019960403442382812,1.157475471496582,0.002318143844604492,0.5802997350692749,0.02224135398864746,1.3888099193572998,0.03679704666137695,0.7255092859268188,0.0024224028867833756,0.0015707015991210938,0.043286800384521484,0.001596689224243164,0.022487521171569824
32,32,13,0.020231130076389686,0.058257257237153894,0.25775953321057343,0.0019402503967285156,0.8939595222473145,0.0023720264434814453,0.45619475841522217,0.017398357391357422,1.1740171909332275,0.0370790958404541,0.6235424280166626,0.001636173210892023,0.0015444755554199219,0.0025691986083984375,0.0016069412231445312,0.0022095441818237305
32,32,14,0.023210834054385916,0.0628344872418572,0.2697512625291265,0.0018677711486816406,1.059926986694336,0.0023927688598632812,0.5322666168212891,0.01793217658996582,1.2572784423828125,0.03968405723571777,0.658353328704834,0.0016809585047703162,0.0015568733215332031,0.00395965576171875,0.0016186237335205078,0.00326693058013916
32,32,15,0.020605896033492742,0.0635988338320863,0.24471185961153427,0.0019965171813964844,0.9335904121398926,0.0023529529571533203,0.4683760404586792,0.022354841232299805,1.1837217807769775,0.04073834419250488,0.6289173364639282,0.0016414464688768574,0.0015628337860107422,0.0026903152465820312,0.0016179084777832031,0.00222015380859375
32,32,16,0.02148585226021561,0.06450344066993863,0.24986659999248664,0.001953125,0.9741170406341553,0.002378702163696289,0.48907244205474854,0.020911693572998047,1.404433250427246,0.03902554512023926,0.7356194257736206,0.0016465327318976907,0.0015556812286376953,0.002960681915283203,0.001619577407836914,0.0023785829544067383
64,1,9,0.4772196470522413,0.03923919621635886,0.9240226075556783,0.015629053115844727,0.8472445011138916,0.47778773307800293,0.7157477140426636,0.028589725494384766,0.5075650215148926,0.029108047485351562,0.28585171699523926,0.003143651812684302,0.0030901432037353516,0.003907918930053711,0.0031065940856933594,0.003601670265197754
64,1,10,0.464124880585016,0.03798349230897193,0.9243520037516054,0.06481599807739258,0.822568416595459,0.45903611183166504,0.6958833932876587,0.028403759002685547,0.43997883796691895,0.029593944549560547,0.25027453899383545,0.003121034771788354,0.0030918121337890625,0.0038890838623046875,0.0031023025512695312,0.0035113096237182617
64,1,11,0.4709976654426724,0.0388793992061241,0.9237475032674706,0.09233283996582031,0.8022785186767578,0.4713621139526367,0.6770039796829224,0.02945542335510254,0.4520564079284668,0.0299072265625,0.2579038143157959,0.0031256488725250843,0.0030956268310546875,0.003885030746459961,0.0031082630157470703,0.0035135746002197266
64,1,12,0.4746700875899371,0.03850166937884163,0.9249731325701465,0.08131837844848633,0.8526074886322021,0.47581028938293457,0.701876163482666,0.029043197631835938,0.4374682903289795,0.029848575592041016,0.25067901611328125,0.0031238583957447726,0.003053426742553711,0.00394129753112793,0.003107786178588867,0.0035431385040283203
64,1,13,0.4782874771192962,0.03860006145402497,0.925322127980554,0.08868908882141113,0.8455219268798828,0.4803273677825928,0.6937843561172485,0.029469013214111328,0.43476343154907227,0.029863595962524414,0.24929261207580566,0.0031226242289823644,0.003092050552368164,0.0038688182830810547,0.0031037330627441406,0.0035021305084228516
64,1,14,0.4652111390057732,0.03875380403855268,0.9231021828533336,0.08466529846191406,0.8382470607757568,0.4584085941314697,0.6861746311187744,0.029550790786743164,0.44049525260925293,0.029940128326416016,0.25223445892333984,0.0031250224393956803,0.0030951499938964844,0.003936290740966797,0.0031049251556396484,0.0035535097122192383
64,1,15,0.481974017386343,0.039076552671544695,0.9250042991658115,0.0987694263458252,0.800743818283081,0.47830843925476074,0.6902776956558228,0.03020930290222168,0.430574893951416,0.03052043914794922,0.24736976623535156,0.0031264482759961894,0.0030732154846191406,0.004030704498291016,0.0031054019927978516,0.003578782081604004
64,1,16,0.4674073387594784,0.03891423169304343,0.9231432473669569,0.08620285987854004,0.8121240139007568,0.4668459892272949,0.700555682182312,0.02901625633239746,0.43132805824279785,0.030138254165649414,0.24766087532043457,0.003122095968209061,0.0030448436737060547,0.0039060115814208984,0.0031058788299560547,0.003529191017150879
64,2,9,0.20308171534070782,0.03908431763742484,0.8386052859818118,0.0031890869140625,0.7983667850494385,0.08465123176574707,0.6263659000396729,0.027584552764892578,0.4687037467956543,0.029118061065673828,0.28576743602752686,0.0031373220331528608,0.003003835678100586,0.005150794982910156,0.003095388412475586,0.004533290863037109
64,2,10,0.20514877169739967,0.038684994566674326,0.8413468521632965,0.003070831298828125,0.8173959255218506,0.003835916519165039,0.6497529745101929,0.027140378952026367,0.5264291763305664,0.028543710708618164,0.2951052188873291,0.0030733043072270413,0.0029866695404052734,0.0041103363037109375,0.003081083297729492,0.0036302804946899414
64,2,11,0.21114046900880104,0.03919912787044749,0.8434161900110623,0.0030853748321533203,0.8179371356964111,0.0038890838623046875,0.6344954967498779,0.02780461311340332,0.5229220390319824,0.02896571159362793,0.2928546667098999,0.0030711678897633273,0.002988576889038086,0.003898143768310547,0.0030612945556640625,0.003527045249938965
64,2,12,0.2145383825489119,0.038843542921776865,0.8466996300165447,0.0030906200408935547,0.8136658668518066,0.0038247108459472656,0.6553182601928711,0.027364730834960938,0.525057315826416,0.028659582138061523,0.2945209741592407,0.0030751882814893535,0.0029900074005126953,0.003931283950805664,0.003088712692260742,0.0035550594329833984
64,2,13,0.20942095681732775,0.03917682404611625,0.8424087941974178,0.003107786178588867,0.8176696300506592,0.13201022148132324,0.6219147443771362,0.02763843536376953,0.5267488956451416,0.028763771057128906,0.295255184173584,0.0031421418283499925,0.002989053726196289,0.004561662673950195,0.003103494644165039,0.004231572151184082
64,2,14,0.21507402027354522,0.03778614249883914,0.8505650629796798,0.0030748844146728516,0.8736927509307861,0.003756999969482422,0.6820323467254639,0.025937557220458984,0.49513769149780273,0.027695894241333008,0.2794167995452881,0.003063622642965878,0.002984285354614258,0.003921985626220703,0.003084421157836914,0.003514409065246582
64,2,15,0.21328993404612823,0.03833859574561026,0.8476381204574005,0.0031027793884277344,0.8490719795227051,0.01714468002319336,0.6706496477127075,0.027251482009887695,0.49747538566589355,0.028773784637451172,0.280698299407959,0.003125312281589882,0.0029859542846679688,0.0059392452239990234,0.003093719482421875,0.004895448684692383
64,2,16,0.20894650851978974,0.03891448881111893,0.8429987403013398,0.0031006336212158203,0.8598332405090332,0.12009310722351074,0.656177282333374,0.0273134708404541,0.5221445560455322,0.02868485450744629,0.2929267883300781,0.0031225821551154644,0.0029883384704589844,0.005512714385986328,0.0030736923217773438,0.004685759544372559
64,4,9,0.07206084214004815,0.04142102073220646,0.634998759415558,0.003091573715209961,0.861321210861206,0.003155231475830078,0.5728578567504883,0.027788162231445312,0.6487283706665039,0.02828812599182129,0.35627591609954834,0.0030448389988319544,0.0029883384704589844,0.003988504409790039,0.0030031204223632812,0.003573775291442871
64,4,10,0.07748659451802571,0.04230584350286746,0.6468404500166459,0.0030961036682128906,0.9867761135101318,0.0032465457916259766,0.6567527055740356,0.027570486068725586,0.6707940101623535,0.028937339782714844,0.3670755624771118,0.0030474522534538716,0.002988576889038086,0.004061460494995117,0.003010272979736328,0.003595709800720215
64,4,11,0.07153472713395662,0.04163227829278684,0.6321164624282939,0.0030901432037353516,0.8311154842376709,0.003189563751220703,0.5784505605697632,0.02718830108642578,0.6896820068359375,0.027624845504760742,0.37495362758636475,0.0030399958292643228,0.002985715866088867,0.0038542747497558594,0.0030014514923095703,0.0035178661346435547
64,4,12,0.06916443974364038,0.04186914481368719,0.6229145894855822,0.0030908584594726562,0.864586591720581,0.003137826919555664,0.5800669193267822,0.027305126190185547,0.6997082233428955,0.027695655822753906,0.3810083866119385,0.0030887360666312425,0.0029876232147216797,0.005589723587036133,0.003000020980834961,0.004796147346496582
64,4,13,0.07014714502820782,0.041022604587031344,0.630991301779383,0.003088712692260742,0.8692336082458496,0.0031583309173583984,0.5867229700088501,0.02722954750061035,0.6521792411804199,0.02769756317138672,0.35721123218536377,0.003043095270792643,0.002986907958984375,0.003964424133300781,0.0029997825622558594,0.003572821617126465
64,4,14,0.07009230408014036,0.04195127300187653,0.6255807419360787,0.0030934810638427734,0.9299788475036621,0.003162384033203125,0.6087101697921753,0.027844667434692383,0.6659727096557617,0.028373003005981445,0.3646935224533081,0.0030453999837239585,0.0029883384704589844,0.004085063934326172,0.003003835678100586,0.0036153793334960938
64,4,15,0.07164223988850911,0.041385744132247625,0.633845153562613,0.0031003952026367188,0.9307079315185547,0.003189563751220703,0.6121512651443481,0.027247905731201172,0.6549246311187744,0.02776360511779785,0.35896432399749756,0.003045054043040556,0.0029861927032470703,0.003966331481933594,0.0030028820037841797,0.003602266311645508
64,4,16,0.07166744680965648,0.04237965509003284,0.628402174328743,0.003090381622314453,0.8046309947967529,0.0031816959381103516,0.5633513927459717,0.02781963348388672,0.6961843967437744,0.028201580047607422,0.37953078746795654,0.0030382240519804113,0.0029866695404052734,0.003973960876464844,0.003000020980834961,0.003542661666870117
64,8,9,0.026737404804603727,0.054575293671851065,0.32882200819280283,0.00312042236328125,1.1989991664886475,0.003253936767578125,0.6013238430023193,0.02606797218322754,1.1684911251068115,0.028662919998168945,0.647962212562561,0.003037237653545305,0.0029954910278320312,0.0040967464447021484,0.0030121803283691406,0.003578662872314453
64,8,10,0.024711183473175646,0.0520476687188242,0.32193268616581994,0.0031189918518066406,1.0957214832305908,0.0032138824462890625,0.5499413013458252,0.027519702911376953,1.1283738613128662,0.028241872787475586,0.604584813117981,0.0030318241493374693,0.0029931068420410156,0.004000663757324219,0.0030088424682617188,0.003554821014404297
64,8,11,0.026279243768430223,0.049532072216856717,0.34664012129179184,0.0030984878540039062,1.1784098148345947,0.003196239471435547,0.5915449857711792,0.027480363845825195,1.073998212814331,0.02788400650024414,0.56917405128479,0.0030341054878982843,0.0029926300048828125,0.0041370391845703125,0.0030062198638916016,0.0036562681198120117
64,8,12,0.027324414720722272,0.052202220056571214,0.34358821792524735,0.0031082630157470703,1.2032136917114258,0.0031728744506835938,0.6176214218139648,0.02251744270324707,1.075714111328125,0.028891324996948242,0.5822334289550781,0.003031122918222465,0.002991914749145508,0.00404667854309082,0.003006458282470703,0.0035517215728759766
64,8,13,0.020622216018975948,0.0581820151385139,0.26168919759857256,0.003120899200439453,0.8613989353179932,0.0032167434692382812,0.4458315372467041,0.023744821548461914,1.445448398590088,0.028853654861450195,0.7545900344848633,0.003032646927179075,0.002994537353515625,0.003983497619628906,0.0030095577239990234,0.003562331199645996
64,8,14,0.024764224594714595,0.05297992743697821,0.3185348858730793,0.003097057342529297,1.1005027294158936,0.0032126903533935547,0.5520913600921631,0.02189016342163086,1.2511827945709229,0.0283660888671875,0.6572204828262329,0.0030399210312787223,0.002991199493408203,0.004389524459838867,0.0030045509338378906,0.003786802291870117
64,8,15,0.024159459506764132,0.05493516548007142,0.30545007970876925,0.0031087398529052734,1.0671277046203613,0.003254413604736328,0.5353814363479614,0.028212547302246094,1.2856483459472656,0.02891826629638672,0.6728827953338623,0.003032099966909371,0.0029969215393066406,0.004065036773681641,0.003008604049682617,0.003561854362487793
64,8,16,0.021001296884873333,0.0577551523844401,0.26666129669022864,0.003101348876953125,0.9072268009185791,0.0032775402069091797,0.4555065631866455,0.027611970901489258,1.4557321071624756,0.028107643127441406,0.76002037525177,0.0030240965824501185,0.0029938220977783203,0.0038416385650634766,0.003004789352416992,0.0034383535385131836
64,16,9,0.030241045297360887,0.06870243596095665,0.30563959255091117,0.003183126449584961,1.3681886196136475,0.003426074981689453,0.6863619089126587,0.028454303741455078,1.3927359580993652,0.04981493949890137,0.738251805305481,0.003056685129801432,0.0030050277709960938,0.004216194152832031,0.003027200698852539,0.0036622285842895508
64,16,10,0.026225169499715168,0.06478332070743337,0.28816179062000563,0.0031707286834716797,1.1611833572387695,0.0035364627838134766,0.5826075077056885,0.024428367614746094,1.2435762882232666,0.03325462341308594,0.6732338666915894,0.003077249900967467,0.003000497817993164,0.004134654998779297,0.0030510425567626953,0.003635406494140625
64,16,11,0.02611383737302294,0.07482612834257238,0.2587066201964078,0.0032041072845458984,1.1540863513946533,0.0035467147827148438,0.579124927520752,0.024409055709838867,1.7518723011016846,0.03180241584777832,0.9299722909927368,0.003071761598774031,0.003011465072631836,0.0041961669921875,0.0030450820922851562,0.003668665885925293
64,16,12,0.02132103957381903,0.06925411785350126,0.2353961083747224,0.003203153610229492,0.8894155025482178,0.0035066604614257812,0.4580211639404297,0.029233217239379883,1.5294055938720703,0.0314173698425293,0.8055999279022217,0.0030688257778392117,0.0030117034912109375,0.004325151443481445,0.003038644790649414,0.0037240982055664062
64,16,13,0.037423012303371056,0.07308474709005917,0.3386460146218102,0.003267526626586914,1.7318692207336426,0.0035314559936523438,0.867919921875,0.02788543701171875,1.6941766738891602,0.031067848205566406,0.898199200630188,0.0030756464191511565,0.00301361083984375,0.0042705535888671875,0.0030536651611328125,0.0037037134170532227
64,16,14,0.023755054847866882,0.07445209166582893,0.2418872321532531,0.003256559371948242,1.0335056781768799,0.0035283565521240234,0.5186853408813477,0.025707006454467773,1.6367387771606445,0.050893306732177734,0.8505409955978394,0.003069737378288718,0.00301361083984375,0.004058837890625,0.0030477046966552734,0.003579378128051758
64,16,15,0.023123002519794537,0.06318130212671616,0.267924092714759,0.0032351016998291016,1.0014572143554688,0.0035257339477539062,0.5029414892196655,0.028751850128173828,1.399202823638916,0.030537128448486328,0.7509289979934692,0.003076034433701459,0.0030159950256347656,0.00411224365234375,0.0030612945556640625,0.0036202669143676758
64,16,16,0.03394609339096967,0.06979978785795324,0.3272042512176559,0.003184795379638672,1.557715654373169,0.003458261489868164,0.7807817459106445,0.023552417755126953,1.5625319480895996,0.03226327896118164,0.8342258930206299,0.0030695223340801163,0.0030066967010498047,0.004139423370361328,0.003045797348022461,0.0036890506744384766
64,32,9,0.034457702262728825,0.07607974258123659,0.31172877490853257,0.0032219886779785156,1.5738489627838135,0.003592252731323242,0.7896883487701416,0.02882838249206543,1.6755502223968506,0.05132579803466797,0.8756053447723389,0.00308535613265692,0.0030117034912109375,0.004420280456542969,0.0030481815338134766,0.0037897825241088867
64,32,10,0.028046570572198604,0.06753914496477913,0.2934180114114297,0.003260374069213867,1.2486183643341064,0.003618955612182617,0.6265015602111816,0.028855562210083008,1.6983201503753662,0.030126333236694336,0.892596960067749,0.003069325989367915,0.003018617630004883,0.003966569900512695,0.0030434131622314453,0.0035452842712402344
64,32,11,0.03137094366784189,0.06788517914566339,0.3160605389229792,0.003240823745727539,1.4192683696746826,0.0035963058471679688,0.7117925882339478,0.023238420486450195,1.4850881099700928,0.03225207328796387,0.77723228931427,0.0030820509966681987,0.003021717071533203,0.004250288009643555,0.0030460357666015625,0.0037130117416381836
64,32,12,0.03405892615224801,0.06997292649512198,0.32738940320226095,0.0032362937927246094,1.558786392211914,0.003531217575073242,0.7819286584854126,0.028867244720458984,1.7250802516937256,0.02972579002380371,0.8985600471496582,0.003072752672083238,0.0030221939086914062,0.004358768463134766,0.003038644790649414,0.0037490129470825195
64,32,13,0.02983552801842783,0.07782941238552916,0.277114610443153,0.0032753944396972656,1.3389687538146973,0.003618955612182617,0.6717934608459473,0.02389693260192871,1.862276315689087,0.0332028865814209,0.9815300703048706,0.003101007611143823,0.003019571304321289,0.004362344741821289,0.0030612945556640625,0.0038019418716430664
64,32,14,0.0350335111805037,0.066726661195942,0.34427527354123133,0.003261089324951172,1.2369918823242188,0.0034995079040527344,0.723725438117981,0.028923988342285156,1.3484525680541992,0.030587434768676758,0.7340762615203857,0.0030831776413263057,0.0030202865600585938,0.004397869110107422,0.003050565719604492,0.0037723779678344727
64,32,15,0.06449065956414915,0.08117051685557646,0.4427443272757734,0.0032253265380859375,3.1101770401000977,0.003554821014404297,1.5571433305740356,0.023327350616455078,1.908987283706665,0.05235695838928223,1.0048983097076416,0.003077212501974667,0.003020763397216797,0.004307985305786133,0.0030438899993896484,0.003720521926879883
64,32,16,0.05313445540035472,0.07944884019739487,0.4007628197866021,0.0032167434692382812,2.5297183990478516,0.0035812854766845703,1.266876220703125,0.027800321578979492,1.9347560405731201,0.033159494400024414,1.018735647201538,0.0030779464572083717,0.003016948699951172,0.0042493343353271484,0.0030448436737060547,0.0036884546279907227
128,1,9,0.9891413380117977,0.05340888920952292,0.9487709197935986,0.7695538997650146,1.4702553749084473,0.9826436042785645,1.2703908681869507,0.04410815238952637,0.4320223331451416,0.04436969757080078,0.2724034786224365,0.006093586192411535,0.006003379821777344,0.007813453674316406,0.006063222885131836,0.006949305534362793
128,1,10,0.9725796007642559,0.054429970535577514,0.9470014963281324,0.7001471519470215,1.4602899551391602,0.9660577774047852,1.2575831413269043,0.04463958740234375,0.46005749702453613,0.04486274719238281,0.2867804765701294,0.006078023536532533,0.006049394607543945,0.00680088996887207,0.006061553955078125,0.006440281867980957
128,1,11,0.9865988983827478,0.0534515988593008,0.9486067272684924,0.7034220695495605,1.4160106182098389,0.9825506210327148,1.2319167852401733,0.043955087661743164,0.44623398780822754,0.04417681694030762,0.2792539596557617,0.006075933867809819,0.006032705307006836,0.0068361759185791016,0.0060579776763916016,0.006464838981628418
128,1,12,0.998992358936983,0.05424771121903962,0.9484944479837312,0.7264361381530762,1.4875469207763672,0.992006778717041,1.2719032764434814,0.044237613677978516,0.47176146507263184,0.044435739517211914,0.2925224304199219,0.0060688607832964725,0.006007671356201172,0.006831645965576172,0.006052732467651367,0.006453514099121094
128,1,13,0.9870311886656518,0.053810839559517654,0.9483006660950508,0.6400742530822754,1.369438648223877,0.9857234954833984,1.2139347791671753,0.04078507423400879,0.4551053047180176,0.0444188117980957,0.2837681770324707,0.0060743023367489084,0.0060465335845947266,0.006841421127319336,0.006057024002075195,0.006470084190368652
128,1,14,0.9674659990796856,0.05353333903293984,0.947567704468938,0.7688686847686768,1.4376537799835205,0.962224006652832,1.2407238483428955,0.04404878616333008,0.4421103000640869,0.04434347152709961,0.27738749980926514,0.006083544562844669,0.006046295166015625,0.00687718391418457,0.006066560745239258,0.00652003288269043
128,1,15,0.9816656954148236,0.05369998894485773,0.948134277815023,0.7044181823730469,1.3645122051239014,0.983684778213501,1.2051124572753906,0.04407906532287598,0.44960594177246094,0.04432415962219238,0.28106892108917236,0.006077266206928328,0.0060482025146484375,0.006866455078125,0.006056547164916992,0.006478548049926758
128,1,16,0.9710109000112496,0.0536955898883296,0.9475990535654831,0.738530158996582,1.4740486145019531,0.9585661888122559,1.2688772678375244,0.044152259826660156,0.4472038745880127,0.044384002685546875,0.27977943420410156,0.0060865598566391885,0.006045818328857422,0.007582187652587891,0.006053447723388672,0.00682985782623291
128,2,9,0.41870958664838004,0.055507599138746075,0.8829489929880711,0.006089210510253906,1.4364886283874512,0.34038519859313965,1.1632047891616821,0.04412984848022461,0.5195741653442383,0.04487133026123047,0.31629228591918945,0.006044766482184915,0.005943775177001953,0.006850004196166992,0.006052494049072266,0.0064781904220581055
128,2,10,0.4318435285605636,0.054809827430575504,0.8873739865228147,0.006070852279663086,1.4838364124298096,0.5043444633483887,1.1960369348526,0.04410552978515625,0.48057103157043457,0.044805288314819336,0.2986783981323242,0.006022200864904067,0.00593876838684082,0.006903409957885742,0.006048679351806641,0.006492733955383301
128,2,11,0.47140658135507624,0.0558616413789637,0.8940546026284217,0.00608515739440918,1.4911162853240967,0.5861492156982422,1.2407771348953247,0.0438082218170166,0.5523552894592285,0.04457712173461914,0.33494484424591064,0.006058295567830403,0.005948543548583984,0.0076639652252197266,0.006083011627197266,0.006891369819641113
128,2,12,0.43192488539452645,0.054519910438388004,0.8879216903841343,0.006120920181274414,1.5295522212982178,0.3466663360595703,1.2357510328292847,0.043579816818237305,0.49162983894348145,0.04445362091064453,0.30203723907470703,0.006032999824075138,0.005949735641479492,0.007097005844116211,0.006042957305908203,0.006600379943847656
128,2,13,0.4324227080625646,0.05396701775345148,0.8890457283757156,0.006085634231567383,1.5248558521270752,0.4734060764312744,1.1972547769546509,0.04349088668823242,0.46477270126342773,0.044301509857177734,0.2913386821746826,0.006053026984719669,0.00594019889831543,0.006871700286865234,0.00605463981628418,0.0064849853515625
128,2,14,0.42843469451455507,0.05408057512021532,0.8879194534897301,0.0060596466064453125,1.507739782333374,0.45746827125549316,1.1954175233840942,0.04368400573730469,0.47357654571533203,0.04438519477844238,0.2940518856048584,0.00602567429636039,0.005938053131103516,0.006915569305419922,0.006044149398803711,0.006531119346618652
128,2,15,0.45149805499058143,0.05368558098288143,0.8937305621956023,0.0060558319091796875,1.5207293033599854,0.4926271438598633,1.2258737087249756,0.04330706596374512,0.4670298099517822,0.04397225379943848,0.29156720638275146,0.006032546361287435,0.0059392452239990234,0.006922245025634766,0.006048679351806641,0.006689786911010742
128,2,16,0.43757812182108563,0.05403535973791983,0.8900856836420294,0.006074666976928711,1.5008018016815186,0.4158501625061035,1.203921914100647,0.043740272521972656,0.4695572853088379,0.044443607330322266,0.2916233539581299,0.006025239533069087,0.005938529968261719,0.006891965866088867,0.006043910980224609,0.006487131118774414
128,4,9,0.16322125640569948,0.05387309953278186,0.7518447713673034,0.006089448928833008,1.7045049667358398,0.0061795711517333984,1.1731637716293335,0.043677568435668945,0.4677751064300537,0.044025421142578125,0.29106605052948,0.006011032590679094,0.00594329833984375,0.006902456283569336,0.005959033966064453,0.006663203239440918
128,4,10,0.16193558188045726,0.059113287458232806,0.7325781957850248,0.006089448928833008,1.4412190914154053,0.006217241287231445,1.04096257686615,0.0437619686126709,0.6890726089477539,0.04473233222961426,0.4041045904159546,0.006000705793792126,0.0059430599212646484,0.00684666633605957,0.00596308708190918,0.006480216979980469
128,4,11,0.1612709503547818,0.05405359642178405,0.7489668631330109,0.0060884952545166016,1.700057029724121,0.0061626434326171875,1.1732865571975708,0.04403233528137207,0.4495387077331543,0.044571638107299805,0.28251171112060547,0.00600134625154383,0.005944967269897461,0.006911039352416992,0.0059587955474853516,0.006496548652648926
128,4,12,0.18173812417423024,0.05453846968856512,0.7691753178047109,0.006078958511352539,1.8546090126037598,0.006172895431518555,1.2682490348815918,0.04371380805969238,0.49046754837036133,0.044072866439819336,0.30362045764923096,0.006038436702653474,0.005952358245849609,0.008076906204223633,0.005965709686279297,0.0070993900299072266
128,4,13,0.1606912986904967,0.05461521709666533,0.7463373697865494,0.0060727596282958984,1.6298339366912842,0.006329059600830078,1.1148823499679565,0.043572425842285156,0.5065579414367676,0.044062137603759766,0.3100069761276245,0.006006960775337967,0.005945682525634766,0.006947040557861328,0.005967140197753906,0.0065212249755859375
128,4,14,0.15257784432055904,0.058416829389684344,0.7231359997745369,0.006093025207519531,1.3868186473846436,0.006170988082885742,0.9801212549209595,0.04420948028564453,0.6587114334106445,0.044797658920288086,0.38714683055877686,0.00599975211947572,0.005944252014160156,0.006891489028930664,0.005957841873168945,0.0065146684646606445
128,4,15,0.17046747488134048,0.05484115376191981,0.756595412736048,0.006098270416259766,1.7477812767028809,0.006174802780151367,1.2360472679138184,0.044260501861572266,0.45061707496643066,0.045519351959228516,0.284564733505249,0.0060016127193675325,0.0059435367584228516,0.00687098503112793,0.005957841873168945,0.006480693817138672
128,4,16,0.15959613463457892,0.055407047271728516,0.7422966172850716,0.0061032772064208984,1.6253530979156494,0.006197929382324219,1.1664191484451294,0.04399228096008301,0.5235092639923096,0.04435396194458008,0.3212646245956421,0.006002080206777535,0.0059468746185302734,0.0069463253021240234,0.0059621334075927734,0.0065261125564575195
128,8,9,0.03504202880111395,0.0656132277320413,0.34813908391929155,0.006139039993286133,1.4689960479736328,0.0063629150390625,0.7379363775253296,0.041803598403930664,0.9798624515533447,0.044608116149902344,0.546552300453186,0.005995376437318092,0.005955219268798828,0.0070149898529052734,0.005970954895019531,0.006527900695800781
128,8,10,0.03298162479026645,0.06165467524061016,0.3485092377819681,0.006128072738647461,1.3666355609893799,0.0062634944915771484,0.6867530345916748,0.03712940216064453,1.0644538402557373,0.03753018379211426,0.629128098487854,0.005985596600700827,0.005949258804321289,0.006898164749145508,0.005961418151855469,0.006479382514953613
128,8,11,0.0369875477809532,0.06891221158644732,0.34926942234714087,0.006139278411865234,1.571662425994873,0.006227731704711914,0.7894792556762695,0.038549184799194336,1.0671188831329346,0.04446864128112793,0.622881293296814,0.0060072599672803696,0.005950212478637695,0.007947921752929688,0.0059626102447509766,0.007006287574768066
128,8,12,0.04633778684279498,0.06642738510580624,0.4109228589117561,0.0061492919921875,2.0457558631896973,0.00630497932434082,1.0262502431869507,0.04419350624084473,0.966027021408081,0.04470419883728027,0.5775028467178345,0.005990720262714461,0.005957841873168945,0.006622314453125,0.005972862243652344,0.006357431411743164
128,8,13,0.03499181130353142,0.07238518023023419,0.3258781122818844,0.006141185760498047,1.469144344329834,0.006288051605224609,0.7379610538482666,0.04458498954772949,1.2400848865509033,0.045151472091674805,0.7343548536300659,0.005998840519026214,0.005957365036010742,0.007043600082397461,0.005967378616333008,0.006634831428527832
128,8,14,0.04013925440171186,0.0644819549485749,0.3836626880054493,0.006148815155029297,1.7330219745635986,0.00622248649597168,0.8699241876602173,0.04420614242553711,0.862375020980835,0.044986724853515625,0.49101781845092773,0.005986059413236731,0.005951642990112305,0.006938934326171875,0.005962371826171875,0.006474494934082031
128,8,15,0.04531054870755065,0.06634282130821079,0.405814429973358,0.006131410598754883,1.9954860210418701,0.0062372684478759766,1.0011380910873413,0.0444793701171875,0.8776853084564209,0.04626297950744629,0.5175502300262451,0.00599057066674326,0.00595402717590332,0.0069103240966796875,0.005967140197753906,0.006461381912231445
128,8,16,0.04358575858321844,0.06122010829401951,0.41587136180335843,0.006106853485107422,1.9072482585906982,0.006261587142944336,0.9570420980453491,0.04419136047363281,0.7282044887542725,0.04463791847229004,0.44179844856262207,0.00598745252571854,0.0059528350830078125,0.0069582462310791016,0.005963802337646484,0.006486058235168457
128,16,9,0.03881650812485639,0.09313534755332797,0.29417174866813134,0.006219387054443359,1.643604040145874,0.006619930267333984,0.8260536193847656,0.04488325119018555,1.7776134014129639,0.04569435119628906,0.9812003374099731,0.006041933508480296,0.0059659481048583984,0.00733494758605957,0.006000041961669922,0.006908893585205078
128,16,10,0.05076282164629768,0.10347613166360294,0.3291180376743338,0.006227731704711914,2.2619309425354004,0.006485700607299805,1.1344966888427734,0.038912057876586914,1.9860255718231201,0.04875683784484863,1.0851397514343262,0.00602414093765558,0.005964994430541992,0.007140636444091797,0.005987882614135742,0.0066797733306884766
128,16,11,0.05591541645573635,0.10097096013087853,0.3564070869140521,0.006316661834716797,2.5160841941833496,0.006613254547119141,1.2620548009872437,0.039841651916503906,1.8873367309570312,0.04734182357788086,1.0340732336044312,0.006041480045692593,0.005966901779174805,0.00718235969543457,0.00599980354309082,0.006936550140380859
128,16,12,0.036017380508722045,0.09551968294031479,0.27381925340515706,0.00622868537902832,1.5116167068481445,0.006530046463012695,0.7592483758926392,0.04342389106750488,1.8565518856048584,0.04570889472961426,1.009564995765686,0.006017399769203335,0.005965232849121094,0.00724029541015625,0.005990266799926758,0.006651163101196289
128,16,13,0.032621996075499295,0.09101309028326296,0.2638571059095419,0.006186962127685547,1.3424320220947266,0.006391763687133789,0.6747753620147705,0.044997215270996094,1.7990772724151611,0.04537510871887207,0.9898837804794312,0.006009859197279986,0.005963802337646484,0.0072100162506103516,0.005980968475341797,0.006638288497924805
128,16,14,0.05723091667773677,0.0950776174956677,0.37575646688700265,0.006215572357177734,2.5934107303619385,0.006476640701293945,1.3002654314041138,0.040239572525024414,1.7986829280853271,0.04598116874694824,0.9904224872589111,0.006019480088177849,0.005967855453491211,0.007079601287841797,0.0059854984283447266,0.006575345993041992
128,16,15,0.06429684395883598,0.09448860205856024,0.4049290761307667,0.006169557571411133,2.9571399688720703,0.006414651870727539,1.4820305109024048,0.040152549743652344,1.8522934913635254,0.04579973220825195,0.993090033531189,0.006001701541975432,0.005959510803222656,0.007002830505371094,0.005974769592285156,0.0065212249755859375
128,16,16,0.06437878515206132,0.09793797661276425,0.3966243809455565,0.006236553192138672,2.9609479904174805,0.006434440612792969,1.4838900566101074,0.04455757141113281,1.7941241264343262,0.04619741439819336,0.9564812183380127,0.006012416353412703,0.005971670150756836,0.007136821746826172,0.005985260009765625,0.006589412689208984
128,32,9,0.07493979323144052,0.08630600162580901,0.46475502383044787,0.006277322769165039,3.4788029193878174,0.0067844390869140625,1.7433711290359497,0.03811216354370117,1.9797368049621582,0.045499324798583984,1.0870003700256348,0.00605624329810049,0.005972623825073242,0.007369041442871094,0.0060214996337890625,0.0067615509033203125
128,32,10,0.08652178913939233,0.09032000747381472,0.48926097108499206,0.006317615509033203,4.075838565826416,0.006650686264038086,2.0419479608535767,0.040552616119384766,1.9499576091766357,0.04677152633666992,1.0790470838546753,0.0060747604744107115,0.005977630615234375,0.007409572601318359,0.006009101867675781,0.0073795318603515625
128,32,11,0.06955386143104703,0.08482447792502011,0.4505415832374253,0.006356477737426758,3.1987757682800293,0.006888151168823242,1.6039958000183105,0.03978753089904785,1.8186349868774414,0.04832959175109863,0.9695988893508911,0.006067818286372166,0.0059926509857177734,0.007484912872314453,0.00603175163269043,0.0068111419677734375
128,32,12,0.09034987524443981,0.08704004568212173,0.5093292492184163,0.006306648254394531,4.277335166931152,0.0066335201263427734,2.1424641609191895,0.03826594352722168,1.8041484355926514,0.0460820198059082,0.9798225164413452,0.006039067810656978,0.0059888362884521484,0.007425069808959961,0.006006479263305664,0.006781101226806641
128,32,13,0.053367843814924654,0.09748088612275965,0.35378384582336847,0.0062978267669677734,2.341848134994507,0.006680488586425781,1.1956483125686646,0.04285907745361328,2.1264231204986572,0.04597043991088867,1.1585081815719604,0.00605007713916255,0.0059854984283447266,0.007176399230957031,0.006021976470947266,0.006648540496826172
128,32,14,0.040657118255016854,0.0940245226317761,0.3018757269908176,0.00621342658996582,1.7414159774780273,0.006569385528564453,0.8747931718826294,0.04209613800048828,1.900066614151001,0.045884132385253906,1.0497057437896729,0.006031106500064626,0.005959033966064453,0.007178783416748047,0.006000041961669922,0.006654143333435059
128,32,15,0.06063044304941215,0.08922417023602654,0.40459510535004384,0.006229877471923828,2.763185501098633,0.006593942642211914,1.3851299285888672,0.03946805000305176,1.8383865356445312,0.045523881912231445,1.0168503522872925,0.00606538267696605,0.005970478057861328,0.009052276611328125,0.005997657775878906,0.007580399513244629
128,32,16,0.0904234624376484,0.08351817785524855,0.5198494292993103,0.00632929801940918,4.2725138664245605,0.006778717041015625,2.1399240493774414,0.04501175880432129,1.8292174339294434,0.04555916786193848,0.9839174747467041,0.006062110265096028,0.005980730056762695,0.007763862609863281,0.006024360656738281,0.006932377815246582
256,1,9,2.035653305988686,0.08804060431087718,0.9585436470463587,1.6654057502746582,2.7945449352264404,2.0307114124298096,2.4670361280441284,0.07537174224853516,0.5466177463531494,0.0758674144744873,0.3819711208343506,0.011968673444261738,0.01193690299987793,0.012685060501098633,0.011955738067626953,0.012333273887634277
256,1,10,2.034697822496003,0.0876912275950114,0.9586827742108588,1.7557380199432373,2.758565664291382,2.0312790870666504,2.438950538635254,0.07536172866821289,0.5384247303009033,0.07572126388549805,0.3769195079803467,0.011967897415161133,0.011938810348510742,0.012734413146972656,0.011951208114624023,0.01236104965209961
256,1,11,2.0254577889161953,0.08796917223462872,0.9583760528034871,1.6438312530517578,2.6869001388549805,2.0219624042510986,2.4103105068206787,0.07573723793029785,0.5364289283752441,0.07608723640441895,0.3759545087814331,0.01196911288242714,0.011939764022827148,0.012837648391723633,0.011949300765991211,0.012409567832946777
256,1,12,2.0331037886002483,0.08823555123572256,0.9584057347267481,1.6548564434051514,2.7002134323120117,2.026182174682617,2.4130598306655884,0.07585883140563965,0.5483551025390625,0.07610011100769043,0.38190746307373047,0.011977775424134498,0.011943817138671875,0.012801170349121094,0.011963367462158203,0.012396097183227539
256,1,13,2.0368690584220137,0.08754269282023112,0.9587920313616037,1.7717761993408203,2.8109290599823,2.0246775150299072,2.467710018157959,0.07535195350646973,0.5333495140075684,0.07571554183959961,0.3746185302734375,0.011958846858903473,0.011884689331054688,0.01233363151550293,0.011960268020629883,0.012158632278442383
256,1,14,2.04221539403878,0.08748006353191301,0.9589236746404578,1.8477299213409424,2.7827067375183105,2.020472288131714,2.462419033050537,0.07546377182006836,0.529695987701416,0.07575058937072754,0.3726348876953125,0.011980206358666513,0.011937379837036133,0.013301849365234375,0.011950016021728516,0.012668013572692871
256,1,15,2.0021048480389165,0.0876628370846019,0.9580513959955216,1.740879774093628,2.6274447441101074,1.9848542213439941,2.3740166425704956,0.0699300765991211,0.5478129386901855,0.07556867599487305,0.3818751573562622,0.011999265820372338,0.01189732551574707,0.013568639755249023,0.011950254440307617,0.013168811798095703
256,1,16,2.01118719811533,0.08756617938770968,0.9582770513551762,1.796098232269287,2.685267686843872,2.0065956115722656,2.409100294113159,0.07511448860168457,0.541346549987793,0.07560992240905762,0.37839794158935547,0.011976775001077092,0.011935710906982422,0.012710332870483398,0.01195979118347168,0.012424588203430176
256,2,9,0.8596858277040369,0.09119319448284074,0.9040959024702109,0.012101411819458008,2.635188341140747,0.9944825172424316,2.1733627319335938,0.0702977180480957,0.6965115070343018,0.07643508911132812,0.45604407787323,0.01200101422328575,0.011870861053466797,0.01446223258972168,0.01195979118347168,0.013244032859802246
256,2,10,0.9075889821146049,0.09073761397717046,0.9091102908282841,0.012048959732055664,2.6537277698516846,1.339639663696289,2.2610342502593994,0.07176995277404785,0.693925142288208,0.07580208778381348,0.456839919090271,0.011959557439766679,0.011853218078613281,0.013492345809936523,0.011937379837036133,0.013152360916137695
256,2,11,0.8910565329532997,0.08788242527082854,0.9102268588531259,0.012039661407470703,2.8083913326263428,1.0088765621185303,2.3525995016098022,0.06841492652893066,0.5854694843292236,0.07570075988769531,0.4005320072174072,0.01192477170158835,0.011849641799926758,0.012846708297729492,0.011937618255615234,0.012425661087036133
256,2,12,0.8935680856891707,0.09044945941251867,0.9080814566134879,0.012025833129882812,2.63590145111084,1.1283676624298096,2.2869218587875366,0.07566022872924805,0.66290283203125,0.07623004913330078,0.43910837173461914,0.01192776362101237,0.011848926544189453,0.012795448303222656,0.011945247650146484,0.012393951416015625
256,2,13,0.8748949088302314,0.09085127886603861,0.9059263396288844,0.012051582336425781,2.7222447395324707,1.1368002891540527,2.3032948970794678,0.07535243034362793,0.680889368057251,0.07598996162414551,0.4490238428115845,0.011930058984195484,0.011852264404296875,0.012833833694458008,0.011944293975830078,0.012419581413269043
256,2,14,0.9094375021317426,0.0902715804530125,0.9097021503299593,0.012031316757202148,2.7167599201202393,1.1334199905395508,2.3010942935943604,0.07489824295043945,0.6689963340759277,0.07571744918823242,0.4428352117538452,0.011938291437485638,0.011850118637084961,0.012748479843139648,0.011938333511352539,0.012588262557983398
256,2,15,0.899802656734691,0.09081258960798674,0.908327082645594,0.012044429779052734,2.667428970336914,1.2343313694000244,2.3156579732894897,0.0749821662902832,0.6987285614013672,0.0755305290222168,0.4600553512573242,0.011927674798404468,0.011851310729980469,0.012750387191772461,0.01194000244140625,0.01239633560180664
256,2,16,0.8998541317734063,0.08791284467659745,0.9109983966131843,0.012044191360473633,2.8623385429382324,1.3196570873260498,2.330407738685608,0.07509851455688477,0.5576000213623047,0.07570695877075195,0.3864860534667969,0.011925837572883157,0.011850833892822266,0.012819528579711914,0.011941671371459961,0.0124053955078125
256,4,9,0.340102284562354,0.08797066351946663,0.7944960925149324,0.012062788009643555,3.1503639221191406,0.012336969375610352,2.212629795074463,0.07547330856323242,0.5489802360534668,0.07587003707885742,0.3823586702346802,0.011925061543782553,0.011855125427246094,0.012817859649658203,0.011888980865478516,0.01246190071105957
256,4,10,0.33915818438810463,0.09140689232770134,0.7877048156693991,0.012074947357177734,3.037348985671997,0.012199163436889648,2.181602954864502,0.07540774345397949,0.6647489070892334,0.07756495475769043,0.440183162689209,0.011908652735691444,0.011857986450195312,0.012821435928344727,0.011871337890625,0.012405037879943848
256,4,11,0.3269172976998722,0.09458980373307771,0.7755914350873059,0.012082338333129883,2.5129828453063965,0.012202739715576172,1.963363528251648,0.07510256767272949,0.8966562747955322,0.07564020156860352,0.5561678409576416,0.011917581745222504,0.011857271194458008,0.012758255004882812,0.011882543563842773,0.012482047080993652
256,4,12,0.3250258483138739,0.09559936149447572,0.7727207992644238,0.01206350326538086,2.6965208053588867,0.012187480926513672,1.9780488014221191,0.07530045509338379,0.9244837760925293,0.07598352432250977,0.5700662136077881,0.011916188632740694,0.011855840682983398,0.012765169143676758,0.011872291564941406,0.012410283088684082
256,4,13,0.35094486030877803,0.09551737822738349,0.7860572071211192,0.012066841125488281,2.673105001449585,0.012458324432373047,1.977811336517334,0.07526755332946777,0.9360802173614502,0.07577228546142578,0.5768653154373169,0.011919853734035118,0.011856555938720703,0.012840986251831055,0.011880636215209961,0.012409567832946777
256,4,14,0.3337580830443139,0.09478272643743776,0.778824503197113,0.012079954147338867,2.5503997802734375,0.012172937393188477,1.9616347551345825,0.07535362243652344,0.9006993770599365,0.07570171356201172,0.558091402053833,0.011907558815152037,0.011851072311401367,0.012747526168823242,0.011871576309204102,0.012366771697998047
256,4,15,0.33008360862731934,0.09340609288683124,0.7794371561979764,0.012082576751708984,2.852883815765381,0.012261152267456055,2.12879741191864,0.0749664306640625,0.8328948020935059,0.07563567161560059,0.5255724191665649,0.011926122740203259,0.011858940124511719,0.01296687126159668,0.011889457702636719,0.012489914894104004
256,4,16,0.34171145102557016,0.08791010987524893,0.7953777978672175,0.012057065963745117,3.1389055252075195,0.012175559997558594,2.2177480459213257,0.07508134841918945,0.5586738586425781,0.07556700706481934,0.3871939182281494,0.01191560427347819,0.011850118637084961,0.012804031372070312,0.011877059936523438,0.012406706809997559
256,8,9,0.06591649616465849,0.10781731325037339,0.37941087222229086,0.012106657028198242,2.745638132095337,0.012247562408447266,1.3793020248413086,0.07527804374694824,1.446828842163086,0.07592511177062988,0.8321738243103027,0.011899667627671185,0.011852502822875977,0.012845277786254883,0.011878728866577148,0.012398481369018555
256,8,10,0.06687619171890558,0.1065078576405843,0.3857113267682788,0.012103796005249023,2.7925405502319336,0.012346267700195312,1.402599811553955,0.07513213157653809,1.4948716163635254,0.07581853866577148,0.8561276197433472,0.011888518052942613,0.011851310729980469,0.012492656707763672,0.011874198913574219,0.01220560073852539
256,8,11,0.07830609527288698,0.0990142775516884,0.4416080003979909,0.012117624282836914,3.3783457279205322,0.01224827766418457,1.6956558227539062,0.07110428810119629,0.9504084587097168,0.07791543006896973,0.5838632583618164,0.011896367166556563,0.011852025985717773,0.012874603271484375,0.01187586784362793,0.01241147518157959
256,8,12,0.086853681826124,0.08967335551392798,0.4920134792655804,0.012095451354980469,3.8139050006866455,0.012270927429199219,1.9134511947631836,0.07467269897460938,0.543048620223999,0.0758514404296875,0.38033461570739746,0.0118865826550652,0.011848926544189453,0.012814998626708984,0.011862754821777344,0.012376904487609863
256,8,13,0.0718385799258363,0.10128301265192967,0.41496025340436093,0.012070655822753906,3.0497612953186035,0.012250185012817383,1.5312445163726807,0.07549333572387695,1.2225537300109863,0.07585787773132324,0.7198160886764526,0.011894123226988549,0.01185297966003418,0.012859582901000977,0.01187586784362793,0.012390375137329102
256,8,14,0.07191063843521417,0.10188759074491613,0.41375932755151135,0.012124300003051758,3.046452045440674,0.012396574020385742,1.5297602415084839,0.07540464401245117,1.2544739246368408,0.07588434219360352,0.7367284297943115,0.011909227745205747,0.011852502822875977,0.012998580932617188,0.011883735656738281,0.01252889633178711
256,8,15,0.08787361313315,0.09388965718886431,0.4834508807938584,0.012166738510131836,3.8577938079833984,0.012444257736206055,1.9359170198440552,0.0704200267791748,0.6897826194763184,0.07639646530151367,0.5162695646286011,0.01191396339266908,0.011867761611938477,0.012854337692260742,0.011886835098266602,0.012412190437316895
256,8,16,0.07559134445938409,0.09882345854067336,0.4333998213406186,0.012105703353881836,3.2349674701690674,0.012308359146118164,1.624340295791626,0.07571578025817871,1.0781986713409424,0.0763249397277832,0.6471470594406128,0.01192762337478937,0.011852741241455078,0.013741016387939453,0.011888742446899414,0.012844204902648926
256,16,9,0.07692605373906154,0.1409290023878509,0.35310657969878806,0.012088537216186523,3.2970809936523438,0.012415170669555664,1.656238079071045,0.07190823554992676,1.9337375164031982,0.0768580436706543,1.1328599452972412,0.013524808135687136,0.011857271194458008,0.09519553184509277,0.011886835098266602,0.05358290672302246
256,16,10,0.07311288515726726,0.1420286870470234,0.33983615722507554,0.012115478515625,3.1056737899780273,0.012392759323120117,1.5594297647476196,0.071929931640625,2.133059024810791,0.07851481437683105,1.231881856918335,0.01193384563221651,0.011868715286254883,0.013252973556518555,0.01188802719116211,0.012670636177062988
256,16,11,0.07518437329460592,0.13712327153074974,0.3541293737041481,0.012140274047851562,3.208040714263916,0.012485980987548828,1.6109426021575928,0.07689857482910156,2.057035207748413,0.07853198051452637,1.2078295946121216,0.0119475476882037,0.011868953704833984,0.014111995697021484,0.01189732551574707,0.01305091381072998
256,16,12,0.07956606266545314,0.13309213226916744,0.3741499954418162,0.01211857795715332,3.433967351913452,0.012407302856445312,1.7238162755966187,0.07566595077514648,1.9304635524749756,0.07627248764038086,1.1414308547973633,0.011917689267326803,0.011858224868774414,0.013062715530395508,0.011887311935424805,0.012535333633422852
256,16,13,0.10767035390816483,0.1426385103487501,0.43014998381221076,0.012104272842407227,4.870582103729248,0.012401103973388672,2.4418692588806152,0.07140302658081055,1.8643743991851807,0.07766032218933105,1.097510814666748,0.011910887325511259,0.011853933334350586,0.013353824615478516,0.01187276840209961,0.012647032737731934
256,16,14,0.08496682316649194,0.12927843542659984,0.39658671433129045,0.01216745376586914,3.7030255794525146,0.01246500015258789,1.8585706949234009,0.07198166847229004,1.9694948196411133,0.07802176475524902,1.1606532335281372,0.011922929801192939,0.011860847473144531,0.012916326522827148,0.01189422607421875,0.012461304664611816
256,16,15,0.06111628869000603,0.12507249794754327,0.32824903042619924,0.012146949768066406,2.4949374198913574,0.012409687042236328,1.254012107849121,0.07625174522399902,1.794907569885254,0.07660818099975586,1.0066165924072266,0.011924304214178347,0.011873006820678711,0.013216972351074219,0.011887788772583008,0.01259315013885498
256,16,16,0.06939539254880418,0.13975175689248479,0.33180176126801386,0.012117385864257812,2.9140424728393555,0.01245880126953125,1.4637542963027954,0.07656168937683105,1.9467647075653076,0.0796658992767334,1.1516942977905273,0.011925440208584654,0.011863231658935547,0.013106822967529297,0.011894941329956055,0.012551188468933105
256,32,9,0.1922331183564429,0.12878638622807523,0.5988206810213668,0.012155294418334961,9.15365481376648,0.01276254653930664,4.5849223136901855,0.06998181343078613,1.9314539432525635,0.07952284812927246,1.1407251358032227,0.011970403147678749,0.011852502822875977,0.013965606689453125,0.011914253234863281,0.013059020042419434
256,32,10,0.12410875862719965,0.13051326134625604,0.4874235097189865,0.012233257293701172,3.569145679473877,0.013065576553344727,2.8079758882522583,0.07101249694824219,2.3827247619628906,0.07941031455993652,1.3006510734558105,0.011997414570228727,0.011888504028320312,0.01307058334350586,0.011965513229370117,0.012631535530090332
256,32,11,0.12808979726305195,0.12208228017769608,0.5120067697938406,0.012126922607421875,5.8893208503723145,0.012715816497802734,2.9519009590148926,0.07257461547851562,2.018235206604004,0.07722640037536621,1.2038066387176514,0.011987901201435164,0.011865615844726562,0.014481306076049805,0.011926651000976562,0.013311982154846191
256,32,12,0.17440282597261317,0.11886339561611999,0.5946911479535816,0.012475967407226562,8.237457752227783,0.01308584213256836,4.126221537590027,0.07329821586608887,1.771012306213379,0.07902789115905762,1.0993695259094238,0.012001752853393555,0.011909008026123047,0.013624429702758789,0.011960983276367188,0.012839913368225098
256,32,13,0.1863400749131745,0.12457388522578221,0.5993300359684511,0.012320280075073242,8.859323740005493,0.012835264205932617,4.436652302742004,0.07251596450805664,1.9967420101165771,0.07727813720703125,1.1752243041992188,0.011991080115823186,0.011881113052368164,0.014110326766967773,0.011948823928833008,0.013088583946228027
256,32,14,0.16041241907605938,0.12105634633232565,0.5699119717362452,0.012189388275146484,7.537826061248779,0.012872934341430664,3.775932788848877,0.0716853141784668,1.9177396297454834,0.07681012153625488,1.1224719285964966,0.011969201705035041,0.011864423751831055,0.013479471206665039,0.01194000244140625,0.012759566307067871
256,32,15,0.10006579698300828,0.12047359055163813,0.45373208886457117,0.012279272079467773,3.3527138233184814,0.01297450065612793,2.2338790893554688,0.0732734203338623,1.9587762355804443,0.07783913612365723,1.0890270471572876,0.014644590078615675,0.011885881423950195,0.14895033836364746,0.011954307556152344,0.08056533336639404
256,32,16,0.17824915811127306,0.12036783087487314,0.5969156634940909,0.012155532836914062,8.441061973571777,0.012914419174194336,4.228480577468872,0.07115459442138672,2.04626202583313,0.07954931259155273,1.1352447271347046,0.011981482599295821,0.011866092681884766,0.013531208038330078,0.011943578720092773,0.012820124626159668
512,1,9,4.006681278640149,0.15651795910853966,0.9624044033998289,3.640744686126709,5.108353137969971,4.008293390274048,4.613801002502441,0.13776183128356934,0.7269997596740723,0.13843441009521484,0.5829615592956543,0.02377615255468032,0.023730993270874023,0.024494409561157227,0.023761987686157227,0.024153947830200195
512,1,10,4.04424739818947,0.15679496877333698,0.9626771274657024,3.6325161457061768,5.223979234695435,4.0478901863098145,4.720112442970276,0.13791775703430176,0.7375741004943848,0.13855385780334473,0.581261396408081,0.02375929963354971,0.023723602294921875,0.024493694305419922,0.023741960525512695,0.02415299415588379
512,1,11,4.067494827158311,0.15643997753367705,0.9629634488297731,3.703744649887085,5.0591065883636475,4.060298681259155,4.64474081993103,0.13754034042358398,0.7305645942687988,0.13852310180664062,0.5776221752166748,0.02376863068225337,0.02373528480529785,0.02452230453491211,0.023752689361572266,0.024153470993041992
512,1,12,4.007349392947028,0.15644459163441377,0.9624273938110941,3.6061229705810547,5.005743503570557,3.989638566970825,4.609978437423706,0.13779664039611816,0.7304925918579102,0.13847136497497559,0.5773354768753052,0.023790686738257315,0.0237276554107666,0.026104211807250977,0.023744821548461914,0.024939894676208496
512,1,13,3.958917673896341,0.1566312172833611,0.9619415972389376,3.7244083881378174,5.045963525772095,3.9572994709014893,4.609849452972412,0.13750672340393066,0.7536270618438721,0.13830018043518066,0.5892099142074585,0.023771454306209788,0.0237276554107666,0.024533748626708984,0.023747682571411133,0.02421736717224121
512,1,14,4.084931597990148,0.1502685500126259,0.9645191384677559,3.7894394397735596,5.352572441101074,4.079191207885742,4.817577004432678,0.13087844848632812,0.7288339138031006,0.13188791275024414,0.5767557621002197,0.023759019141103708,0.02372264862060547,0.02451157569885254,0.02374434471130371,0.024147868156433105
512,1,15,4.321588965023265,0.15669928812513165,0.9650091107880413,3.901655435562134,5.794085502624512,4.296909809112549,5.135417580604553,0.138108491897583,0.7350485324859619,0.1385204792022705,0.5794996023178101,0.023813794640933767,0.02378106117248535,0.024745702743530273,0.023790836334228516,0.02430438995361328
512,1,16,4.083255613551421,0.15657402954849542,0.963070679077092,3.818918466567993,5.287843227386475,4.051158428192139,4.768107295036316,0.13831877708435059,0.7183022499084473,0.13884663581848145,0.5712213516235352,0.02378365105273677,0.023738384246826172,0.025029659271240234,0.02375936508178711,0.024425625801086426
512,2,9,1.8321033272088743,0.15617897931267233,0.9214502996881243,0.0238800048828125,5.433476448059082,3.0689022541046143,4.59403133392334,0.1376051902770996,0.7347989082336426,0.13846349716186523,0.5795364379882812,0.02372588363348269,0.023650646209716797,0.024562358856201172,0.023727893829345703,0.02416682243347168
512,2,10,1.9852560641718846,0.15621531710905187,0.9270523442551867,0.023932933807373047,5.926167249679565,3.3011741638183594,4.970846652984619,0.13753247261047363,0.7468953132629395,0.1383216381072998,0.5854512453079224,0.023764689763387043,0.02367377281188965,0.024715185165405273,0.023781776428222656,0.02427232265472412
512,2,11,1.8361190908095415,0.16124569668489344,0.9192707823355764,0.023901939392089844,5.192065715789795,3.151432991027832,4.4190123081207275,0.1376805305480957,0.9899530410766602,0.13838911056518555,0.7070473432540894,0.023743783726411706,0.02365398406982422,0.024847030639648438,0.023754596710205078,0.024322986602783203
512,2,12,1.8784162250219607,0.16138311928393795,0.9208828457885139,0.0239260196685791,5.114921569824219,1.8841662406921387,4.459932923316956,0.13778090476989746,0.9866125583648682,0.13884782791137695,0.705920934677124,0.02376573226031135,0.02365899085998535,0.02448439598083496,0.02375340461730957,0.02416062355041504
512,2,13,1.8104777663361793,0.15648284145430022,0.9204443440125218,0.023930788040161133,5.456554174423218,2.9687132835388184,4.5609776973724365,0.1380324363708496,0.7365834712982178,0.13851642608642578,0.580917239189148,0.023737365124272367,0.023662328720092773,0.024615764617919922,0.023743152618408203,0.024216294288635254
512,2,14,1.8138299923317105,0.15702179366467045,0.9203279542478194,0.023932695388793945,5.265392065048218,3.007997751235962,4.45532763004303,0.138397216796875,0.7402570247650146,0.13902735710144043,0.5829635858535767,0.023742413988300397,0.02365875244140625,0.024563312530517578,0.02373337745666504,0.02421391010284424
512,2,15,1.810119353088678,0.15696347461027257,0.9202049489731529,0.023898601531982422,5.4477832317352295,2.9718313217163086,4.501272439956665,0.13805913925170898,0.7465295791625977,0.13917827606201172,0.5852375030517578,0.023761884838927026,0.02365398406982422,0.024552106857299805,0.02375340461730957,0.024181604385375977
512,2,16,1.8090979819204294,0.16075308650147682,0.9183932790257794,0.023958683013916016,5.215049505233765,2.807152032852173,4.444154143333435,0.13781523704528809,0.9479570388793945,0.1388072967529297,0.6864748001098633,0.02374420913995481,0.023660898208618164,0.024698734283447266,0.02374267578125,0.024348855018615723
512,4,9,0.660965830672021,0.16379746268777287,0.8014006394240463,0.023902177810668945,5.408751726150513,0.024204015731811523,4.149156212806702,0.13230180740356445,1.1555087566375732,0.13838768005371094,0.790083646774292,0.02374559757756252,0.023643970489501953,0.025470256805419922,0.023687124252319336,0.025065898895263672
512,4,10,0.7203390878789565,0.15636647448820226,0.8216431134918282,0.023903608322143555,6.071706295013428,0.024043798446655273,4.382902026176453,0.13804960250854492,0.736370325088501,0.13878297805786133,0.5807040929794312,0.0237273141449573,0.02365565299987793,0.024699926376342773,0.023685932159423828,0.024256587028503418
512,4,11,0.7623882340449913,0.1565121903139002,0.8296744824956443,0.0238344669342041,6.490406513214111,0.024176836013793945,4.6881020069122314,0.1372983455657959,0.7394506931304932,0.13923192024230957,0.582793116569519,0.023757130491967295,0.023649930953979492,0.02488088607788086,0.02372574806213379,0.024413466453552246
512,4,12,0.6978715447818532,0.16077866741255217,0.8127541749490064,0.02391529083251953,5.871228933334351,0.02432537078857422,4.343988060951233,0.13865327835083008,0.9491944313049316,0.13918709754943848,0.6876233816146851,0.023732821146647137,0.023650646209716797,0.0249936580657959,0.023693323135375977,0.024391889572143555
512,4,13,0.6808018637638465,0.16473651399799422,0.8051696784786333,0.02394580841064453,5.51203727722168,0.024257421493530273,4.049326777458191,0.13746261596679688,1.190220832824707,0.13834834098815918,0.8078513145446777,0.023711382174024395,0.023643970489501953,0.024619579315185547,0.023679256439208984,0.02419757843017578
512,4,14,0.7044607891755945,0.16895810295553768,0.8065554747238386,0.02388143539428711,5.123756408691406,0.02431011199951172,4.114151358604431,0.13782310485839844,1.3829152584075928,0.1387181282043457,0.9042137861251831,0.023716099121991324,0.023669004440307617,0.02451348304748535,0.023689985275268555,0.024143457412719727
512,4,15,0.695930186439963,0.1690241449019488,0.8045860471734727,0.02392888069152832,5.132015705108643,0.024131059646606445,3.9271548986434937,0.1339859962463379,1.370934247970581,0.13908696174621582,0.8985518217086792,0.023721498601576862,0.023663043975830078,0.02456045150756836,0.023686647415161133,0.0242079496383667
512,4,16,0.7735191373264089,0.1567224521262973,0.831524999631007,0.023965835571289062,6.0516345500946045,0.0241086483001709,4.475594639778137,0.13868927955627441,0.7235767841339111,0.13940930366516113,0.5745137929916382,0.023728791405172908,0.023669719696044922,0.02473163604736328,0.023684024810791016,0.024283766746520996
512,8,9,0.17310577747868558,0.16280353770536535,0.515334852752856,0.023897647857666016,7.1890869140625,0.024382829666137695,3.7896591424942017,0.13303446769714355,1.0134804248809814,0.13917303085327148,0.7193981409072876,0.023723359201468674,0.02365255355834961,0.02441573143005371,0.023708105087280273,0.024103641510009766
512,8,10,0.1302960994196873,0.18694102997873344,0.41072146777638807,0.023919343948364258,5.432530164718628,0.024189472198486328,2.728877544403076,0.13814330101013184,2.279387950897217,0.13909506797790527,1.3520567417144775,0.023697778290393306,0.02364659309387207,0.024712085723876953,0.023672103881835938,0.024267077445983887
512,8,11,0.1411752607308182,0.17594191607306986,0.4451832668090507,0.023920536041259766,5.9872965812683105,0.024216413497924805,3.0060317516326904,0.13781452178955078,1.720423698425293,0.1391463279724121,1.073005199432373,0.023690644432516658,0.02364826202392578,0.02469038963317871,0.023665666580200195,0.024212241172790527
512,8,12,0.14970730800254672,0.17159763504477107,0.4659352781276685,0.0239260196685791,6.421380281448364,0.024143695831298828,3.2236695289611816,0.13148093223571777,1.5788390636444092,0.138444185256958,1.002150535583496,0.02370249523836024,0.02364635467529297,0.024743318557739258,0.023674726486206055,0.024315953254699707
512,8,13,0.15110281869476916,0.1704537447761087,0.4699105409753328,0.023906946182250977,6.496314287185669,0.024136781692504883,3.2606121301651,0.13425493240356445,1.478696346282959,0.13843369483947754,0.9524797201156616,0.023696876039692,0.02364659309387207,0.02470684051513672,0.02367568016052246,0.024225234985351562
512,8,14,0.1478134370317646,0.17557513012605555,0.45707687915766254,0.02392435073852539,6.012130498886108,0.02420186996459961,3.1753278970718384,0.13708734512329102,1.7404661178588867,0.13830065727233887,1.0836611986160278,0.023694851819206688,0.023647785186767578,0.024921417236328125,0.023660659790039062,0.024353504180908203
512,8,15,0.18030206829893822,0.15637602058111452,0.5355325287092677,0.023923158645629883,7.560967683792114,0.024118900299072266,4.004611015319824,0.13434863090515137,0.7581355571746826,0.13852357864379883,0.5911911725997925,0.023713944005031212,0.02364659309387207,0.024979591369628906,0.02367687225341797,0.024573445320129395
512,8,16,0.15880429043489344,0.16104700986076803,0.4964941217625167,0.023883342742919922,6.888492584228516,0.02416205406188965,3.4566479921340942,0.1338653564453125,0.949549674987793,0.14004087448120117,0.6865884065628052,0.023689714132570754,0.02364659309387207,0.02471184730529785,0.023656129837036133,0.02423250675201416
512,16,9,0.17017527187571807,0.21734039923724005,0.4391442322499344,0.023949861526489258,5.423237323760986,0.02465081214904785,3.7370024919509888,0.13138580322265625,2.0249154567718506,0.14119410514831543,1.225045919418335,0.02373051643371582,0.023653030395507812,0.02487778663635254,0.023702621459960938,0.024344563484191895
512,16,10,0.15491711859609567,0.21808823417214787,0.41532143559438167,0.023922204971313477,6.678951740264893,0.02423238754272461,3.352530598640442,0.13390207290649414,1.8217566013336182,0.14073443412780762,1.123443841934204,0.023711171804689894,0.023650646209716797,0.024714946746826172,0.023670673370361328,0.024284720420837402
512,16,11,0.17504420467451506,0.20719182257558785,0.4579479488990737,0.02392292022705078,7.058835029602051,0.024291276931762695,3.8625855445861816,0.1313927173614502,1.9496746063232422,0.13366341590881348,1.2568837404251099,0.023719193888645546,0.023654937744140625,0.024639606475830078,0.02368783950805664,0.02423417568206787
512,16,12,0.14601379749821683,0.21190468002768123,0.4079526670641128,0.02402806282043457,5.581483840942383,0.024516820907592773,3.0731587409973145,0.13219046592712402,2.0841012001037598,0.1396191120147705,1.3639272451400757,0.023737028533337163,0.02365732192993164,0.024912118911743164,0.02369856834411621,0.02436387538909912
512,16,13,0.11324110685610304,0.19765764591740628,0.36423789367402043,0.02401590347290039,4.51499080657959,0.0252077579498291,2.2708420753479004,0.13813424110412598,1.9613699913024902,0.13965249061584473,1.337263822555542,0.023795006321925743,0.02366781234741211,0.02479267120361328,0.02377915382385254,0.024339914321899414
512,16,14,0.18114560258154774,0.19951440773758233,0.4758724259731999,0.02402019500732422,7.452108144760132,0.024950265884399414,4.005834937095642,0.13896822929382324,2.131450891494751,0.14035940170288086,1.4006489515304565,0.023810470805448646,0.023672103881835938,0.026038646697998047,0.023752212524414062,0.02512943744659424
512,16,15,0.19049775366689645,0.23086626856934792,0.4520978147490981,0.02391672134399414,6.765061616897583,0.024449825286865234,4.2577115297317505,0.1331799030303955,2.1301417350769043,0.14052391052246094,1.3786847591400146,0.023723761240641277,0.023651123046875,0.02493596076965332,0.02368760108947754,0.02445662021636963
512,16,16,0.158509983735926,0.22403358010684743,0.4143579940115633,0.023925304412841797,4.374446868896484,0.024332284927368164,3.4449580907821655,0.13873982429504395,2.3398208618164062,0.1412816047668457,1.4776926040649414,0.023720727247350356,0.023654937744140625,0.02477741241455078,0.023685693740844727,0.02430558204650879
512,32,9,0.19557795337602205,0.20447239688798494,0.48888334492634095,0.024211645126342773,7.403193473815918,0.025721073150634766,4.0743831396102905,0.1369798183441162,2.3920414447784424,0.1421527862548828,1.5335174798965454,0.023825584673414044,0.023684978485107422,0.02477884292602539,0.023789405822753906,0.024458646774291992
512,32,10,0.19292767842610678,0.213864522821763,0.47426592209556795,0.02397751808166504,8.459649085998535,0.024498939514160156,4.317557334899902,0.13543152809143066,2.2319653034210205,0.14025187492370605,1.4734283685684204,0.023744971144433115,0.023656368255615234,0.024962902069091797,0.0237123966217041,0.024448752403259277
512,32,11,0.3220198855680578,0.20206590727263807,0.6144411658683158,0.024419069290161133,11.121002197265625,0.025022268295288086,6.748162031173706,0.13635969161987305,2.2644457817077637,0.1425790786743164,1.4726520776748657,0.023877681470384785,0.023684024810791016,0.02696824073791504,0.023792266845703125,0.025716304779052734
512,32,12,0.3995247261196959,0.21092919742359834,0.6544715509414873,0.02397441864013672,19.150436878204346,0.024482011795043945,9.587825775146484,0.1378023624420166,2.193213701248169,0.13875532150268555,1.4191175699234009,0.028592151754042682,0.023666858673095703,0.27298545837402344,0.023693084716796875,0.14839959144592285
512,32,13,0.3149365864548029,0.1994625820833094,0.6122416320186352,0.024829387664794922,7.125875473022461,0.025518417358398438,7.094782114028931,0.13705015182495117,2.2378718852996826,0.14260053634643555,1.4725971221923828,0.02384622424256568,0.023726701736450195,0.024695873260498047,0.02380824089050293,0.024582624435424805
512,32,14,0.3230205563937916,0.20124135297887466,0.6161434783242582,0.024051666259765625,10.847792387008667,0.025299549102783203,7.6105170249938965,0.13200974464416504,2.212575674057007,0.14205408096313477,1.4438713788986206,0.0238803695229923,0.023658275604248047,0.027323484420776367,0.023794889450073242,0.02577519416809082
512,32,15,0.24793732867521398,0.2022115342757281,0.5507896366767777,0.0243222713470459,9.985662937164307,0.025355815887451172,5.692340970039368,0.1344749927520752,2.371755599975586,0.14228582382202148,1.5393853187561035,0.023848893595676796,0.023706674575805664,0.025017499923706055,0.023799419403076172,0.02466261386871338
512,32,16,0.34331317976409315,0.21796899683335247,0.6116587949492632,0.024077892303466797,16.27457857131958,0.0245516300201416,8.150106191635132,0.13561010360717773,2.2405078411102295,0.14030861854553223,1.505486249923706,0.023746317508173923,0.023669958114624023,0.025121212005615234,0.0236971378326416,0.02451956272125244
