IOSize (KB),Threads,Throughput (GiB/sec),IOPS
0.5,1,0.000935,1960.83712
0.5,2,0.001786,3745.513472
0.5,4,0.003737,7837.057024
0.5,8,0.007708,16164.847616
0.5,16,0.014158,29691.478016
0.5,32,0.015614,32744.931328
0.5,64,0.011983,25130.172416
0.5,128,0.0086,18035.5072
0.5,256,0.000382,801.112064
1,1,0.002116,2218.786816
1,2,0.003537,3708.813312
1,4,0.006932,7268.728832
1,8,0.013708,14373.879808
1,16,0.028061,29424.091136
1,32,0.031199,32714.522624
1,64,0.024214,25390.219264
1,128,0.014236,14927.527936
1,256,0.00079,828.37504
2,1,0.00545,2857.3696
2,2,0.006685,3504.86528
2,4,0.013346,6997.147648
2,8,0.028456,14919.139328
2,16,0.055529,29113.188352
2,32,0.06232,32673.62816
2,64,0.048324,25335.693312
2,128,0.025723,13486.260224
2,256,0.001495,783.81056
4,1,0.01183,3101.16352
4,2,0.022343,5857.083392
4,4,0.027914,7317.487616
4,8,0.063578,16666.591232
4,16,0.106354,27880.062976
4,32,0.118204,30986.469376
4,64,0.092758,24315.953152
4,128,0.048751,12779.782144
4,256,0.022762,5966.921728
8,1,0.023643,3098.935296
8,2,0.042776,5606.735872
8,4,0.108399,14208.073728
8,8,0.19059,24981.01248
8,16,0.162767,21334.196224
8,32,0.229693,30106.320896
8,64,0.181569,23798.611968
8,128,0.087647,11488.067584
8,256,0.040973,5370.413056
16,1,0.032093,2103.246848
16,2,0.057678,3779.985408
16,4,0.107863,7068.909568
16,8,0.229918,15067.906048
16,16,0.344358,22567.845888
16,32,0.346004,22675.718144
16,64,0.319109,20913.127424
16,128,0.153841,10082.123776
16,256,0.062138,4072.275968
0.5,1,0.000914,1916.796928
0.5,2,0.00172,3607.10144
0.5,4,0.003288,6895.435776
0.5,8,0.006619,13881.049088
0.5,16,0.012877,27005.026304
0.5,32,0.015138,31746.686976
0.5,64,0.011798,24742.199296
0.5,128,0.00864,18119.39328
0.5,256,0.000367,769.654784
1,1,0.004574,4796.186624
1,2,0.003454,3621.781504
1,4,0.006832,7163.871232
1,8,0.013031,13663.993856
1,16,0.026967,28276.948992
1,32,0.029653,31093.424128
1,64,0.023346,24480.055296
1,128,0.014122,14807.990272
1,256,0.000804,843.055104
2,1,0.004784,2508.193792
2,2,0.006724,3525.312512
2,4,0.01351,7083.13088
2,8,0.027527,14432.075776
2,16,0.059807,31356.092416
2,32,0.058478,30659.313664
2,64,0.051237,26862.944256
2,128,0.025851,13553.369088
2,256,0.001422,745.537536
4,1,0.012037,3155.427328
4,2,0.024596,6447.693824
4,4,0.058378,15303.442432
4,8,0.074226,19457.900544
4,16,0.122638,32148.815872
4,32,0.116525,30546.3296
4,64,0.097874,25657.081856
4,128,0.047356,12414.091264
4,256,0.024129,6325.272576
8,1,0.023928,3136.290816
8,2,0.0454,5950.6688
8,4,0.092671,12146.573312
8,8,0.132047,17307.664384
8,16,0.215653,28266.070016
8,32,0.203254,26640.908288
8,64,0.162747,21331.574784
8,128,0.089439,11722.948608
8,256,0.043346,5681.446912
16,1,0.030223,1980.694528
16,2,0.055675,3648.7168
16,4,0.104087,6821.445632
16,8,0.200359,13130.727424
16,16,0.398259,26100.301824
16,32,0.368921,24177.606656
16,64,0.287135,18817.67936
16,128,0.158587,10393.157632
16,256,0.06456,4231.00416
0.5,1,0.000931,1952.448512
0.5,2,0.001808,3791.650816
0.5,4,0.003432,7197.425664
0.5,8,0.006545,13725.85984
0.5,16,0.01299,27242.00448
0.5,32,0.015083,31631.343616
0.5,64,0.011763,24668.798976
0.5,128,0.008646,18131.976192
0.5,256,0.000372,780.140544
1,1,0.00198,2076.18048
1,2,0.003506,3676.307456
1,4,0.006714,7040.139264
1,8,0.013363,14012.121088
1,16,0.026579,27870.101504
1,32,0.03314,34749.80864
1,64,0.023348,24482.152448
1,128,0.014968,15695.085568
1,256,0.000714,748.683264
2,1,0.005008,2625.634304
2,2,0.006862,3597.664256
2,4,0.013124,6880.755712
2,8,0.025384,13308.526592
2,16,0.056831,29795.811328
2,32,0.05896,30912.02048
2,64,0.046632,24448.598016
2,128,0.02603,13647.21664
2,256,0.001403,735.576064
4,1,0.012331,3232.497664
4,2,0.021472,5628.755968
4,4,0.048621,12745.703424
4,8,0.063061,16531.062784
4,16,0.10169,26657.42336
4,32,0.123791,32451.067904
4,64,0.098404,25796.018176
4,128,0.047762,12520.521728
4,256,0.023166,6072.827904
8,1,0.023857,3126.984704
8,2,0.037342,4894.490624
8,4,0.092134,12076.187648
8,8,0.109384,14337.179648
8,16,0.213113,27933.147136
8,32,0.241817,31695.437824
8,64,0.167168,21911.044096
8,128,0.084325,11052.6464
8,256,0.038455,5040.37376
16,1,0.031516,2065.432576
16,2,0.056581,3708.092416
16,4,0.107403,7038.763008
16,8,0.214251,14041.153536
16,16,0.369203,24196.087808
16,32,0.366649,24028.708864
16,64,0.2895,18972.672
16,128,0.155309,10178.330624
16,256,0.057864,3792.175104
0.5,1,0.000938,1967.128576
0.5,2,0.001747,3663.724544
0.5,4,0.003559,7463.763968
0.5,8,0.006883,14434.697216
0.5,16,0.013202,27686.600704
0.5,32,0.015088,31641.829376
0.5,64,0.012021,25209.864192
0.5,128,0.008526,17880.317952
0.5,256,0.000394,826.277888
1,1,0.001879,1970.274304
1,2,0.003382,3546.284032
1,4,0.006838,7170.162688
1,8,0.013797,14467.203072
1,16,0.02643,27713.86368
1,32,0.029853,31303.139328
1,64,0.023873,25032.654848
1,128,0.013934,14610.857984
1,256,0.00076,796.91776
2,1,0.004776,2503.999488
2,2,0.006479,3396.861952
2,4,0.013558,7108.296704
2,8,0.028147,14757.134336
2,16,0.05197,27247.24736
2,32,0.058228,30528.241664
2,64,0.047577,24944.050176
2,128,0.026566,13928.235008
2,256,0.001396,731.906048
4,1,0.012597,3302.227968
4,2,0.02261,5927.07584
4,4,0.04095,10734.7968
4,8,0.069045,18099.73248
4,16,0.111027,29105.061888
4,32,0.115536,30287.069184
4,64,0.087751,23003.398144
4,128,0.045792,12004.098048
4,256,0.022167,5810.946048
8,1,0.023517,3082.420224
8,2,0.043691,5726.666752
8,4,0.086968,11399.069696
8,8,0.16999,22280.92928
8,16,0.169614,22231.646208
8,32,0.227509,29820.059648
8,64,0.157596,20656.422912
8,128,0.087937,11526.078464
8,256,0.036947,4842.717184
16,1,0.033211,2176.516096
16,2,0.05496,3601.85856
16,4,0.102457,6714.621952
16,8,0.209235,13712.42496
16,16,0.358393,23487.643648
16,32,0.403036,26413.367296
16,64,0.305058,19992.281088
16,128,0.163053,10685.841408
16,255,0.069124,4530.110464
0.5,1,0.000931,1952.448512
0.5,2,0.001785,3743.41632
0.5,4,0.003457,7249.854464
0.5,8,0.006462,13551.796224
0.5,16,0.012581,26384.269312
0.5,32,0.014524,30459.035648
0.5,64,0.011471,24056.430592
0.5,128,0.008519,17865.637888
0.5,256,0.000365,765.46048
1,1,0.001976,2071.986176
1,2,0.003437,3603.955712
1,4,0.006774,7103.053824
1,8,0.013603,14263.779328
1,16,0.028383,29761.732608
1,32,0.031764,33306.968064
1,64,0.024769,25972.178944
1,128,0.015179,15916.335104
1,256,0.000753,789.577728
2,1,0.004655,2440.56064
2,2,0.006659,3491.233792
2,4,0.01328,6962.54464
2,8,0.027744,14545.846272
2,16,0.054827,28745.138176
2,32,0.063199,33134.477312
2,64,0.047516,24912.068608
2,128,0.025375,13303.808
2,256,0.00139,728.76032
4,1,0.012757,3344.171008
4,2,0.021724,5694.816256
4,4,0.032542,8530.690048
4,8,0.060293,15805.448192
4,16,0.105804,27735.883776
4,32,0.127729,33483.390976
4,64,0.089362,23425.712128
4,128,0.048823,12798.656512
4,256,0.020434,5356.650496
8,1,0.02343,3071.01696
8,2,0.044355,5813.69856
8,4,0.072475,9499.4432
8,8,0.164942,21619.277824
8,16,0.162117,21248.999424
8,32,0.21041,27578.85952
8,64,0.152764,20023.083008
8,128,0.087384,11453.595648
8,256,0.039302,5151.391744
16,1,0.031994,2096.758784
16,2,0.055913,3664.314368
16,4,0.104861,6872.170496
16,8,0.183037,11995.512832
16,16,0.334837,21943.877632
16,32,0.386239,25312.559104
16,64,0.303586,19895.812096
16,128,0.157642,10331.226112
16,256,0.071642,4695.130112
0.5,1,0.000862,1807.745024
0.5,2,0.001745,3659.53024
0.5,4,0.003302,6924.795904
0.5,8,0.005997,12576.620544
0.5,16,0.013473,28254.928896
0.5,32,0.014926,31302.090752
0.5,64,0.011166,23416.799232
0.5,128,0.008576,17985.175552
0.5,256,0.00038,796.91776
1,1,0.001994,2090.860544
1,2,0.003577,3750.756352
1,4,0.006933,7269.777408
1,8,0.014298,14992.539648
1,16,0.028252,29624.369152
1,32,0.031698,33237.762048
1,64,0.023043,24162.336768
1,128,0.014435,15136.19456
1,256,0.000761,797.966336
2,1,0.004973,2607.284224
2,2,0.006502,3408.920576
2,4,0.013313,6979.846144
2,8,0.027306,14316.208128
2,16,0.052981,27777.302528
2,32,0.064172,33644.609536
2,64,0.046991,24636.817408
2,128,0.025789,13520.863232
2,256,0.00155,812.6464
4,1,0.012191,3195.797504
4,2,0.024886,6523.715584
4,4,0.052548,13775.142912
4,8,0.066784,17507.024896
4,16,0.106582,27939.831808
4,32,0.125708,32953.597952
4,64,0.096627,25330.188288
4,128,0.048075,12602.5728
4,256,0.022102,5793.906688
8,1,0.024181,3169.452032
8,2,0.040934,5365.301248
8,4,0.078437,10280.894464
8,8,0.144736,18970.836992
8,16,0.196378,25739.657216
8,32,0.236217,30961.434624
8,64,0.164237,21526.872064
8,128,0.089374,11714.428928
8,256,0.041945,5497.81504
16,1,0.032577,2134.966272
16,2,0.054719,3586.064384
16,4,0.112747,7388.987392
16,8,0.193029,12650.348544
16,16,0.337485,22117.41696
16,32,0.369664,24226.299904
16,64,0.280707,18396.413952
16,128,0.153468,10057.678848
16,256,0.072711,4765.188096
0.5,1,0.000902,1891.631104
0.5,2,0.001882,3946.840064
0.5,4,0.003619,7589.593088
0.5,8,0.006661,13969.129472
0.5,16,0.013716,28764.536832
0.5,32,0.015124,31717.326848
0.5,64,0.011263,23620.222976
0.5,128,0.008765,18381.53728
0.5,256,0.000386,809.500672
1,1,0.001982,2078.277632
1,2,0.003457,3624.927232
1,4,0.007279,7632.584704
1,8,0.013044,13677.625344
1,16,0.025958,27218.935808
1,32,0.033853,35497.443328
1,64,0.023242,24371.003392
1,128,0.014475,15178.1376
1,256,0.000741,776.994816
2,1,0.005387,2824.339456
2,2,0.006636,3479.175168
2,4,0.01331,6978.27328
2,8,0.025525,13382.4512
2,16,0.051083,26782.203904
2,32,0.06245,32741.7856
2,64,0.050112,26273.120256
2,128,0.02567,13458.47296
2,256,0.001485,778.56768
4,1,0.012294,3222.798336
4,2,0.023853,6252.920832
4,4,0.038776,10164.895744
4,8,0.061525,16128.4096
4,16,0.111745,29293.28128
4,32,0.111802,29308.223488
4,64,0.089394,23434.100736
4,128,0.046909,12296.912896
4,256,0.02239,5869.40416
8,1,0.023099,3027.632128
8,2,0.042777,5606.866944
8,4,0.065584,8596.226048
8,8,0.175468,22998.941696
8,16,0.203313,26648.641536
8,32,0.192336,25209.864192
8,64,0.154796,20289.421312
8,128,0.086486,11335.892992
8,256,0.036779,4820.697088
16,1,0.031869,2088.566784
16,2,0.05556,3641.18016
16,4,0.109492,7175.667712
16,8,0.190127,12460.163072
16,16,0.347556,22777.430016
16,32,0.401753,26329.284608
16,64,0.290004,19005.702144
16,128,0.157089,10294.984704
16,256,0.065548,4295.753728
0.5,1,0.000898,1883.242496
0.5,2,0.001898,3980.394496
0.5,4,0.003594,7537.164288
0.5,8,0.006818,14298.382336
0.5,16,0.01306,27388.80512
0.5,32,0.014348,30089.936896
0.5,64,0.011952,25065.160704
0.5,128,0.008578,17989.369856
0.5,256,0.000387,811.597824
1,1,0.002082,2183.135232
1,2,0.003562,3735.027712
1,4,0.007087,7431.258112
1,8,0.013577,14236.516352
1,16,0.028034,29395.779584
1,32,0.03024,31708.93824
1,64,0.022746,23850.909696
1,128,0.013968,14646.509568
1,256,0.00076,796.91776
2,1,0.005002,2622.488576
2,2,0.006958,3647.995904
2,4,0.015494,8123.318272
2,8,0.029124,15269.363712
2,16,0.052038,27282.898944
2,32,0.061369,32175.030272
2,64,0.045218,23707.254784
2,128,0.025752,13501.464576
2,256,0.001477,774.373376
4,1,0.012545,3288.59648
4,2,0.025898,6789.005312
4,4,0.042568,11158.945792
4,8,0.068973,18080.858112
4,16,0.113837,29841.686528
4,32,0.130089,34102.050816
4,64,0.090467,23715.381248
4,128,0.047663,12494.569472
4,256,0.023155,6069.94432
8,1,0.023022,3017.539584
8,2,0.050546,6625.165312
8,4,0.103996,13630.963712
8,8,0.176408,23122.149376
8,16,0.175274,22973.513728
8,32,0.211601,27734.966272
8,64,0.148508,19465.240576
8,128,0.088349,11580.080128
8,256,0.037927,4971.167744
16,1,0.030858,2022.309888
16,2,0.055758,3654.156288
16,4,0.098453,6452.215808
16,8,0.241935,15855.45216
16,16,0.342623,22454.140928
16,32,0.382141,25043.992576
16,64,0.303888,19915.603968
16,128,0.153224,10041.688064
16,256,0.067534,4425.908224
0.5,1,0.000897,1881.145344
0.5,2,0.001725,3617.5872
0.5,4,0.003624,7600.078848
0.5,8,0.006965,14606.66368
0.5,16,0.013857,29060.235264
0.5,32,0.016127,33820.770304
0.5,64,0.012044,25258.098688
0.5,128,0.008792,18438.160384
0.5,256,0.000382,801.112064
1,1,0.002083,2184.183808
1,2,0.003467,3635.412992
1,4,0.007266,7618.953216
1,8,0.013147,13785.628672
1,16,0.026076,27342.667776
1,32,0.029295,30718.03392
1,64,0.022961,24076.353536
1,128,0.013739,14406.385664
1,256,0.000767,804.257792
2,1,0.005237,2745.696256
2,2,0.006503,3409.444864
2,4,0.012836,6729.760768
2,8,0.025673,13460.045824
2,16,0.054501,28574.220288
2,32,0.056224,29477.568512
2,64,0.042154,22100.836352
2,128,0.025081,13149.667328
2,256,0.001503,788.004864
4,1,0.012422,3256.352768
4,2,0.021191,5555.093504
4,4,0.037912,9938.403328
4,8,0.065164,17082.351616
4,16,0.100512,26348.617728
4,32,0.118096,30958.157824
4,64,0.083841,21978.415104
4,128,0.048596,12739.149824
4,256,0.02315,6068.6336
8,1,0.021851,2864.054272
8,2,0.038756,5079.826432
8,4,0.091616,12008.292352
8,8,0.145328,19048.431616
8,16,0.215004,28181.004288
8,32,0.223795,29333.25824
8,64,0.166634,21841.051648
8,128,0.090504,11862.540288
8,256,0.039065,5120.32768
16,1,0.030564,2003.042304
16,2,0.05792,3795.84512
16,4,0.122299,8014.987264
16,8,0.223485,14646.31296
16,16,0.372933,24440.537088
16,32,0.395435,25915.22816
16,64,0.297395,19490.07872
16,128,0.16383,10736.76288
16,256,0.063911,4188.471296
0.5,1,0.000884,1853.882368
0.5,2,0.001699,3563.061248
0.5,4,0.003419,7170.162688
0.5,8,0.006653,13952.352256
0.5,16,0.013699,28728.885248
0.5,32,0.014827,31094.472704
0.5,64,0.01191,24977.08032
0.5,128,0.00857,17972.59264
0.5,256,0.000386,809.500672
1,1,0.002013,2110.783488
1,2,0.003766,3948.937216
1,4,0.010376,10880.024576
1,8,0.012417,13020.168192
1,16,0.025418,26652.704768
1,32,0.029056,30467.424256
1,64,0.023394,24530.386944
1,128,0.014375,15073.28
1,256,0.000774,811.597824
2,1,0.005501,2884.108288
2,2,0.006749,3538.419712
2,4,0.013382,7016.022016
2,8,0.024613,12904.300544
2,16,0.052661,27609.530368
2,32,0.063293,33183.760384
2,64,0.046444,24350.031872
2,128,0.02598,13621.00224
2,256,0.001406,737.148928
4,1,0.011807,3095.134208
4,2,0.021341,5594.415104
4,4,0.03868,10139.72992
4,8,0.06188,16221.47072
4,16,0.097387,25529.417728
4,32,0.117878,30901.010432
4,64,0.0959,25139.6096
4,128,0.046851,12281.708544
4,256,0.023214,6085.410816
8,1,0.020568,2695.888896
8,2,0.039761,5211.553792
8,4,0.081657,10702.946304
8,8,0.116073,15213.920256
8,16,0.197267,25856.180224
8,32,0.215345,28225.69984
8,64,0.160284,21008.744448
8,128,0.091114,11942.494208
8,256,0.044184,5791.285248
16,1,0.030998,2031.484928
16,2,0.056354,3693.215744
16,4,0.11284,7395.08224
16,8,0.191037,12519.800832
16,16,0.351627,23044.227072
16,32,0.402722,26392.788992
16,64,0.289776,18990.759936
16,128,0.155897,10216.865792
16,256,0.06739,4416.47104
0.5,1,0.000874,1832.910848
0.5,2,0.001672,3506.438144
0.5,4,0.003391,7111.442432
0.5,8,0.006921,14514.388992
0.5,16,0.014367,30129.782784
0.5,32,0.015834,33206.304768
0.5,64,0.011529,24178.065408
0.5,128,0.008396,17607.688192
0.5,256,0.000366,767.557632
1,1,0.00201,2107.63776
1,2,0.003443,3610.247168
1,4,0.007067,7410.286592
1,8,0.012295,12892.24192
1,16,0.027689,29034.020864
1,32,0.030286,31757.172736
1,64,0.023993,25158.483968
1,128,0.014723,15438.184448
1,256,0.000741,776.994816
2,1,0.005168,2709.520384
2,2,0.006343,3325.558784
2,4,0.013496,7075.790848
2,8,0.029579,15507.914752
2,16,0.052433,27489.992704
2,32,0.067139,35200.172032
2,64,0.047236,24765.267968
2,128,0.02543,13332.64384
2,256,0.00142,744.48896
4,1,0.012407,3252.420608
4,2,0.02166,5678.03904
4,4,0.028319,7423.655936
4,8,0.070369,18446.811136
4,16,0.103392,27103.592448
4,32,0.112246,29424.615424
4,64,0.085465,22404.13696
4,128,0.046279,12131.762176
4,256,0.02178,5709.49632
8,1,0.023783,3117.285376
8,2,0.038583,5057.150976
8,4,0.08225,10780.672
8,8,0.156269,20482.490368
8,16,0.184695,24208.34304
8,32,0.226525,29691.0848
8,64,0.167079,21899.378688
8,128,0.089608,11745.099776
8,256,0.042116,5520.228352
16,1,0.028595,1874.00192
16,2,0.056066,3674.341376
16,4,0.102368,6708.789248
16,8,0.19151,12550.79936
16,16,0.366717,24033.165312
16,32,0.410731,26917.666816
16,64,0.298283,19548.274688
16,128,0.158835,10409.41056
16,256,0.057997,3800.891392
0.5,1,0.000884,1853.882368
0.5,2,0.001713,3592.421376
0.5,4,0.003374,7075.790848
0.5,8,0.006776,14210.301952
0.5,16,0.012971,27202.158592
0.5,32,0.015439,32377.929728
0.5,64,0.011515,24148.70528
0.5,128,0.008655,18150.85056
0.5,256,0.000379,794.820608
1,1,0.002,2097.152
1,2,0.003338,3500.146688
1,4,0.006669,6992.953344
1,8,0.012327,12925.796352
1,16,0.02596,27221.03296
1,32,0.033097,34704.719872
1,64,0.023062,24182.259712
1,128,0.014079,14762.901504
1,256,0.000751,787.480576
2,1,0.004972,2606.759936
2,2,0.006523,3419.930624
2,4,0.013046,6839.861248
2,8,0.024229,12702.973952
2,16,0.050031,26230.652928
2,32,0.056805,29782.17984
2,64,0.045927,24078.974976
2,128,0.024849,13028.032512
2,256,0.001408,738.197504
4,1,0.012623,3309.043712
4,2,0.021056,5519.704064
4,4,0.028168,7384.072192
4,8,0.060075,15748.3008
4,16,0.106509,27920.695296
4,32,0.12487,32733.92128
4,64,0.092963,24369.692672
4,128,0.049111,12874.153984
4,256,0.021443,5621.153792
8,1,0.023351,3060.662272
8,2,0.04188,5489.29536
8,4,0.091438,11984.961536
8,8,0.18113,23741.07136
8,16,0.179953,23586.799616
8,32,0.234303,30710.562816
8,64,0.169855,22263.23456
8,128,0.08849,11598.56128
8,256,0.037641,4933.681152
16,1,0.031113,2039.021568
16,2,0.055798,3656.777728
16,4,0.10446,6845.89056
16,8,0.230552,15109.455872
16,16,0.355878,23322.820608
16,32,0.367911,24111.415296
16,64,0.3015,19759.104
16,128,0.15837,10378.93632
16,255,0.068673,4500.553728
0.5,1,0.000912,1912.602624
0.5,2,0.001706,3577.741312
0.5,4,0.003373,7073.693696
0.5,8,0.006425,13474.2016
0.5,16,0.014158,29691.478016
0.5,32,0.014037,29437.722624
0.5,64,0.012128,25434.259456
0.5,128,0.008544,17918.066688
0.5,256,0.000356,746.586112
1,1,0.001974,2069.889024
1,2,0.003393,3557.818368
1,4,0.00667,6994.00192
1,8,0.013489,14144.241664
1,16,0.026635,27928.82176
1,32,0.031234,32751.222784
1,64,0.023512,24654.118912
1,128,0.01423,14921.23648
1,256,0.000747,783.286272
2,1,0.004772,2501.902336
2,2,0.006467,3390.570496
2,4,0.012953,6791.102464
2,8,0.025649,13447.462912
2,16,0.051997,27261.403136
2,32,0.064467,33799.274496
2,64,0.046779,24525.668352
2,128,0.025163,13192.658944
2,256,0.001444,757.071872
4,1,0.012097,3171.155968
4,2,0.023791,6236.667904
4,4,0.0479,12556.6976
4,8,0.059849,15689.056256
4,16,0.104294,27340.046336
4,32,0.105445,27641.77408
4,64,0.090031,23601.086464
4,128,0.048839,12802.850816
4,256,0.022447,5884.346368
8,1,0.023494,3079.405568
8,2,0.04473,5862.85056
8,4,0.102757,13468.565504
8,8,0.157662,20665.073664
8,16,0.193799,25401.622528
8,32,0.19916,26104.29952
8,64,0.169055,22158.37696
8,128,0.090521,11864.768512
8,256,0.040729,5338.431488
16,1,0.032099,2103.640064
16,2,0.055853,3660.382208
16,4,0.104701,6861.684736
16,8,0.215003,14090.436608
16,16,0.370677,24292.687872
16,32,0.384047,25168.904192
16,64,0.304584,19961.217024
16,128,0.154916,10152.574976
16,256,0.067318,4411.752448
0.5,1,0.000894,1874.853888
0.5,2,0.001741,3651.141632
0.5,4,0.003383,7094.665216
0.5,8,0.006477,13583.253504
0.5,16,0.012871,26992.443392
0.5,32,0.014696,30819.745792
0.5,64,0.011455,24022.87616
0.5,128,0.008596,18027.118592
0.5,256,0.000383,803.209216
1,1,0.001902,1994.391552
1,2,0.003452,3619.684352
1,4,0.006732,7059.013632
1,8,0.012844,13467.910144
1,16,0.028304,29678.895104
1,32,0.030693,32183.943168
1,64,0.024327,25508.708352
1,128,0.01451,15214.83776
1,256,0.000742,778.043392
2,1,0.004831,2532.835328
2,2,0.006864,3598.712832
2,4,0.01368,7172.25984
2,8,0.024267,12722.896896
2,16,0.053604,28103.933952
2,32,0.060274,31600.934912
2,64,0.047222,24757.927936
2,128,0.026055,13660.32384
2,256,0.001475,773.3248
4,1,0.012118,3176.660992
4,2,0.023852,6252.658688
4,4,0.049182,12892.766208
4,8,0.057195,14993.32608
4,16,0.105608,27684.503552
4,32,0.117595,30826.82368
4,64,0.093345,24469.83168
4,128,0.047611,12480.937984
4,256,0.022703,5951.455232
8,1,0.024025,3149.0048
8,2,0.036043,4724.228096
8,4,0.082278,10784.342016
8,8,0.155844,20426.784768
8,16,0.209203,27420.655616
8,32,0.248766,32606.257152
8,64,0.168952,22144.876544
8,128,0.09017,11818.76224
8,256,0.042583,5581.438976
16,1,0.031853,2087.518208
16,2,0.056976,3733.979136
16,4,0.102967,6748.045312
16,8,0.188971,12384.403456
16,16,0.342761,22463.184896
16,32,0.404751,26525.761536
16,64,0.292816,19189.989376
16,128,0.150957,9893.117952
16,256,0.066265,4342.74304
0.5,1,0.000931,1952.448512
0.5,2,0.001739,3646.947328
0.5,4,0.003374,7075.790848
0.5,8,0.007012,14705.229824
0.5,16,0.012412,26029.850624
0.5,32,0.014346,30085.742592
0.5,64,0.011655,24442.30656
0.5,128,0.008441,17702.060032
0.5,256,0.000371,778.043392
1,1,0.002037,2135.949312
1,2,0.003487,3656.384512
1,4,0.006929,7265.583104
1,8,0.014384,15082.717184
1,16,0.026579,27870.101504
1,32,0.029497,30929.846272
1,64,0.022292,23374.856192
1,128,0.014254,14946.402304
1,256,0.000748,784.334848
2,1,0.004789,2510.815232
2,2,0.007326,3840.933888
2,4,0.013773,7221.018624
2,8,0.025202,13213.106176
2,16,0.049781,26099.580928
2,32,0.063296,33185.333248
2,64,0.046973,24627.380224
2,128,0.025807,13530.300416
2,256,0.001501,786.956288
4,1,0.012303,3225.157632
4,2,0.025652,6724.517888
4,4,0.054118,14186.708992
4,8,0.053779,14097.842176
4,16,0.113984,29880.221696
4,32,0.113428,29734.469632
4,64,0.09932,26036.14208
4,128,0.047705,12505.57952
4,256,0.022781,5971.902464
8,1,0.021161,2773.614592
8,2,0.040289,5280.759808
8,4,0.096262,12617.252864
8,8,0.185019,24250.810368
8,16,0.205317,26911.309824
8,32,0.18983,24881.39776
8,64,0.175959,23063.298048
8,128,0.087595,11481.25184
8,256,0.039098,5124.653056
16,1,0.032492,2129.395712
16,2,0.052969,3471.376384
16,4,0.112404,7366.508544
16,8,0.174956,11465.916416
16,16,0.352573,23106.224128
16,32,0.437577,28677.046272
16,64,0.306071,20058.669056
16,128,0.153314,10047.586304
16,256,0.056965,3733.25824
0.5,1,0.000906,1900.019712
0.5,2,0.0018,3774.8736
0.5,4,0.003583,7514.095616
0.5,8,0.006871,14409.531392
0.5,16,0.013,27262.976
0.5,32,0.015191,31857.836032
0.5,64,0.011368,23840.423936
0.5,128,0.008472,17767.071744
0.5,256,0.000379,794.820608
1,1,0.001971,2066.743296
1,2,0.003424,3590.324224
1,4,0.006596,6916.407296
1,8,0.0128,13421.7728
1,16,0.022927,24040.701952
1,32,0.029958,31413.239808
1,64,0.023525,24667.7504
1,128,0.01408,14763.95008
1,256,0.000782,819.986432
2,1,0.004863,2549.612544
2,2,0.006456,3384.803328
2,4,0.013267,6955.728896
2,8,0.025434,13334.740992
2,16,0.05231,27425.50528
2,32,0.059302,31091.326976
2,64,0.045899,24064.294912
2,128,0.025576,13409.189888
2,256,0.001375,720.896
4,1,0.012598,3302.490112
4,2,0.023539,6170.607616
4,4,0.031344,8216.641536
4,8,0.062004,16253.976576
4,16,0.105853,27748.728832
4,32,0.112899,29595.795456
4,64,0.094075,24661.1968
4,128,0.0471,12346.9824
4,256,0.023207,6083.575808
8,1,0.025011,3278.241792
8,2,0.042307,5545.263104
8,4,0.083273,10914.758656
8,8,0.16859,22097.42848
8,16,0.186655,24465.24416
8,32,0.195671,25646.989312
8,64,0.160224,21000.880128
8,128,0.088192,11559.501824
8,256,0.04094,5366.08768
16,1,0.031068,2036.072448
16,2,0.056178,3681.681408
16,4,0.102157,6694.961152
16,8,0.195542,12815.040512
16,16,0.398247,26099.515392
16,32,0.427838,28038.791168
16,64,0.295399,19359.268864
16,128,0.155733,10206.117888
16,256,0.063075,4133.6832
0.5,1,0.000939,1969.225728
0.5,2,0.001727,3621.781504
0.5,4,0.003584,7516.192768
0.5,8,0.006892,14453.571584
0.5,16,0.013409,28120.711168
0.5,32,0.015024,31507.611648
0.5,64,0.011755,24652.02176
0.5,128,0.008449,17718.837248
0.5,256,0.000365,765.46048
1,1,0.002123,2226.126848
1,2,0.003444,3611.295744
1,4,0.006855,7187.98848
1,8,0.013602,14262.730752
1,16,0.027995,29354.88512
1,32,0.032095,33654.04672
1,64,0.02486,26067.59936
1,128,0.014799,15517.876224
1,256,0.000728,763.363328
2,1,0.004825,2529.6896
2,2,0.007279,3816.292352
2,4,0.014462,7582.253056
2,8,0.027626,14483.980288
2,16,0.052014,27270.316032
2,32,0.059989,31451.512832
2,64,0.048587,25473.581056
2,128,0.026131,13700.169728
2,256,0.001503,788.004864
4,1,0.012485,3272.86784
4,2,0.025799,6763.053056
4,4,0.052551,13775.929344
4,8,0.08719,22856.33536
4,16,0.103443,27116.961792
4,32,0.111776,29301.407744
4,64,0.089605,23489.41312
4,128,0.048509,12716.343296
4,256,0.023569,6178.471936
8,1,0.021581,2828.664832
8,2,0.040901,5360.975872
8,4,0.082998,10878.713856
8,8,0.154997,20315.766784
8,16,0.189765,24872.87808
8,32,0.224191,29385.162752
8,64,0.154765,20285.35808
8,128,0.090469,11857.952768
8,256,0.042601,5583.798272
16,1,0.031406,2058.223616
16,2,0.057155,3745.71008
16,4,0.108616,7118.258176
16,8,0.211299,13847.691264
16,16,0.372446,24408.621056
16,32,0.399392,26174.554112
16,64,0.286664,18786.811904
16,128,0.151982,9960.292352
16,256,0.067056,4394.582016
0.5,1,0.000896,1879.048192
0.5,2,0.001723,3613.392896
0.5,4,0.003541,7426.015232
0.5,8,0.006517,13667.139584
0.5,16,0.012763,26765.950976
0.5,32,0.013983,29324.476416
0.5,64,0.011915,24987.56608
0.5,128,0.008438,17695.768576
0.5,256,0.000391,819.986432
1,1,0.002166,2271.215616
1,2,0.003525,3696.2304
1,4,0.006914,7249.854464
1,8,0.013155,13794.01728
1,16,0.026302,27579.645952
1,32,0.031917,33467.400192
1,64,0.023433,24571.281408
1,128,0.01432,15015.60832
1,256,0.000729,764.411904
2,1,0.005273,2764.570624
2,2,0.006635,3478.65088
2,4,0.013233,6937.903104
2,8,0.025901,13579.583488
2,16,0.052285,27412.39808
2,32,0.067298,35283.533824
2,64,0.047944,25136.463872
2,128,0.026022,13643.022336
2,256,0.001484,778.043392
4,1,0.011492,3012.558848
4,2,0.02202,5772.41088
4,4,0.046539,12199.919616
4,8,0.062523,16390.029312
4,16,0.112238,29422.518272
4,32,0.130977,34334.834688
4,64,0.096642,25334.120448
4,128,0.048492,12711.886848
4,256,0.022417,5876.482048
8,1,0.023796,3118.989312
8,2,0.037113,4864.475136
8,4,0.076261,9995.681792
8,8,0.17638,23118.47936
8,16,0.175027,22941.138944
8,32,0.212384,27837.595648
8,64,0.176522,23137.091584
8,128,0.087506,11469.586432
8,256,0.040524,5311.561728
16,1,0.030433,1994.457088
16,2,0.053601,3512.795136
16,4,0.110081,7214.268416
16,8,0.220514,14451.605504
16,16,0.385192,25243.942912
16,32,0.395232,25901.924352
16,64,0.31204,20449.85344
16,128,0.160531,10520.559616
16,255,0.052467,3438.477312
0.5,1,0.0009,1887.4368
0.5,2,0.001823,3823.108096
0.5,4,0.003658,7671.382016
0.5,8,0.007021,14724.104192
0.5,16,0.013457,28221.374464
0.5,32,0.01473,30891.04896
0.5,64,0.011706,24549.261312
0.5,128,0.008537,17903.386624
0.5,256,0.000362,759.169024
1,1,0.002175,2280.6528
1,2,0.003533,3704.619008
1,4,0.006829,7160.725504
1,8,0.013283,13928.235008
1,16,0.026239,27513.585664
1,32,0.032634,34219.229184
1,64,0.023968,25132.269568
1,128,0.014308,15003.025408
1,256,0.00072,754.97472
2,1,0.004995,2618.81856
2,2,0.006477,3395.813376
2,4,0.013012,6822.035456
2,8,0.024017,12591.824896
2,16,0.048611,25486.163968
2,32,0.05914,31006.39232
2,64,0.045928,24079.499264
2,128,0.02628,13778.28864
2,256,0.001589,833.093632
4,1,0.011481,3009.675264
4,2,0.022923,6009.126912
4,4,0.027234,7139.229696
4,8,0.056743,14874.836992
4,16,0.102495,26868.44928
4,32,0.105085,27547.40224
4,64,0.090999,23854.841856
4,128,0.046468,12181.307392
4,256,0.023629,6194.200576
8,1,0.022004,2884.108288
8,2,0.039754,5210.636288
8,4,0.089081,11676.024832
8,8,0.099998,13106.937856
8,16,0.193891,25413.681152
8,32,0.188172,24664.080384
8,64,0.174517,22874.292224
8,128,0.088552,11606.687744
8,256,0.04329,5674.10688
16,1,0.031559,2068.250624
16,2,0.053248,3489.660928
16,4,0.109159,7153.844224
16,8,0.205205,13448.31488
16,16,0.338827,22205.366272
16,32,0.430066,28184.805376
16,64,0.299077,19600.310272
16,128,0.150473,9861.398528
16,256,0.067881,4448.649216
0.5,1,0.000906,1900.019712
0.5,2,0.00181,3795.84512
0.5,4,0.003518,7377.780736
0.5,8,0.00678,14218.69056
0.5,16,0.013171,27621.588992
0.5,32,0.013862,29070.721024
0.5,64,0.011343,23787.995136
0.5,128,0.008423,17664.311296
0.5,256,0.000375,786.432
1,1,0.002014,2111.832064
1,2,0.00341,3575.64416
1,4,0.006615,6936.33024
1,8,0.013168,13807.648768
1,16,0.026357,27637.317632
1,32,0.030948,32451.330048
1,64,0.023419,24556.601344
1,128,0.014107,14792.261632
1,256,0.000767,804.257792
2,1,0.005265,2760.37632
2,2,0.006572,3445.620736
2,4,0.013832,7251.951616
2,8,0.024708,12954.107904
2,16,0.050335,26390.03648
2,32,0.058747,30800.347136
2,64,0.048856,25614.614528
2,128,0.025,13107.2
2,256,0.001542,808.452096
4,1,0.012259,3213.623296
4,2,0.021258,5572.657152
4,4,0.04413,11568.41472
4,8,0.062822,16468.410368
4,16,0.112077,29380.313088
4,32,0.125915,33007.86176
4,64,0.092508,24250.417152
4,128,0.047404,12426.674176
4,256,0.022767,5968.232448
8,1,0.022239,2914.910208
8,2,0.044783,5869.797376
8,4,0.105557,13835.567104
8,8,0.176762,23168.548864
8,16,0.185914,24368.119808
8,32,0.201055,26352.68096
8,64,0.154114,20200.030208
8,128,0.089005,11666.06336
8,256,0.041525,5442.7648
16,1,0.033403,2189.099008
16,2,0.056339,3692.232704
16,4,0.116181,7614.038016
16,8,0.212251,13910.081536
16,16,0.357778,23447.339008
16,32,0.349572,22909.550592
16,64,0.315806,20696.662016
16,128,0.148531,9734.127616
16,256,0.067225,4405.6576
0.5,1,0.000911,1910.505472
0.5,2,0.001801,3776.970752
0.5,4,0.003582,7511.998464
0.5,8,0.006937,14547.943424
0.5,16,0.013806,28953.280512
0.5,32,0.015211,31899.779072
0.5,64,0.011723,24584.912896
0.5,128,0.008516,17859.346432
0.5,256,0.00038,796.91776
1,1,0.002182,2287.992832
1,2,0.003376,3539.992576
1,4,0.007537,7903.117312
1,8,0.016763,17577.279488
1,16,0.028065,29428.28544
1,32,0.034928,36624.662528
1,64,0.023892,25052.577792
1,128,0.015441,16191.062016
1,256,0.000807,846.200832
2,1,0.005127,2688.024576
2,2,0.006568,3443.523584
2,4,0.013392,7021.264896
2,8,0.029013,15211.167744
2,16,0.055251,28967.436288
2,32,0.054826,28744.613888
2,64,0.04497,23577.23136
2,128,0.0258,13526.6304
2,256,0.001508,790.626304
4,1,0.012297,3223.584768
4,2,0.023883,6260.785152
4,4,0.058158,15245.770752
4,8,0.063239,16577.724416
4,16,0.102478,26863.992832
4,32,0.111779,29302.194176
4,64,0.089473,23454.810112
4,128,0.049474,12969.312256
4,256,0.021677,5682.495488
8,1,0.022492,2948.071424
8,2,0.047526,6229.327872
8,4,0.096935,12705.46432
8,8,0.180401,23645.519872
8,16,0.244676,32070.172672
8,32,0.212519,27855.290368
8,64,0.184097,24129.961984
8,128,0.088931,11656.364032
8,256,0.042469,5566.496768
16,1,0.030479,1997.471744
16,2,0.057376,3760.193536
16,4,0.107222,7026.900992
16,8,0.240432,15756.951552
16,16,0.374316,24531.173376
16,32,0.395231,25901.858816
16,64,0.317288,20793.786368
16,128,0.162393,10642.587648
16,256,0.063105,4135.64928
0.5,1,0.000912,1912.602624
0.5,2,0.001654,3468.689408
0.5,4,0.003557,7459.569664
0.5,8,0.007434,15590.227968
0.5,16,0.014372,30140.268544
0.5,32,0.016106,33776.730112
0.5,64,0.01175,24641.536
0.5,128,0.008528,17884.512256
0.5,256,0.000371,778.043392
1,1,0.001989,2085.617664
1,2,0.003397,3562.012672
1,4,0.006847,7179.599872
1,8,0.013128,13765.705728
1,16,0.024916,26126.319616
1,32,0.030015,31473.00864
1,64,0.022881,23992.467456
1,128,0.014516,15221.129216
1,256,0.000799,837.812224
2,1,0.004943,2591.555584
2,2,0.00661,3465.54368
2,4,0.01318,6910.11584
2,8,0.025978,13619.953664
2,16,0.05596,29339.15648
2,32,0.068466,35895.902208
2,64,0.045491,23850.385408
2,128,0.026815,14058.78272
2,256,0.001491,781.713408
4,1,0.012162,3188.195328
4,2,0.020936,5488.246784
4,4,0.043416,11381.243904
4,8,0.061813,16203.907072
4,16,0.113675,29799.2192
4,32,0.12007,31475.63008
4,64,0.085822,22497.722368
4,128,0.047815,12534.41536
4,256,0.021676,5682.233344
8,1,0.023455,3074.29376
8,2,0.043382,5686.165504
8,4,0.078003,10224.009216
8,8,0.186285,24416.74752
8,16,0.199321,26125.402112
8,32,0.240063,31465.537536
8,64,0.166662,21844.721664
8,128,0.089129,11682.316288
8,256,0.041267,5408.948224
16,1,0.028874,1892.286464
16,2,0.056123,3678.076928
16,4,0.100688,6598.688768
16,8,0.20357,13341.16352
16,16,0.32989,21619.67104
16,32,0.38902,25494.81472
16,64,0.283729,18594.463744
16,128,0.156978,10287.710208
16,256,0.073063,4788.256768
0.5,1,0.000927,1944.059904
0.5,2,0.001719,3605.004288
0.5,4,0.003555,7455.37536
0.5,8,0.006573,13784.580096
0.5,16,0.012849,26946.306048
0.5,32,0.014554,30521.950208
0.5,64,0.011717,24572.329984
0.5,128,0.008423,17664.311296
0.5,256,0.000375,786.432
1,1,0.002007,2104.492032
1,2,0.003465,3633.31584
1,4,0.007348,7704.936448
1,8,0.012932,13560.184832
1,16,0.026352,27632.074752
1,32,0.028958,30364.663808
1,64,0.023231,24359.469056
1,128,0.013878,14552.137728
1,256,0.000781,818.937856
2,1,0.005183,2717.384704
2,2,0.006422,3366.977536
2,4,0.013148,6893.338624
2,8,0.025355,13293.32224
2,16,0.053093,27836.022784
2,32,0.054689,28672.786432
2,64,0.047105,24696.58624
2,128,0.026904,14105.444352
2,256,0.00152,796.91776
4,1,0.01208,3166.69952
4,2,0.021842,5725.749248
4,4,0.030272,7935.623168
4,8,0.063236,16576.937984
4,16,0.100811,26426.998784
4,32,0.122442,32097.435648
4,64,0.096989,25425.084416
4,128,0.04877,12784.76288
4,256,0.02203,5775.03232
8,1,0.019534,2560.360448
8,2,0.043707,5728.763904
8,4,0.094794,12424.839168
8,8,0.160978,21099.708416
8,16,0.20349,26671.84128
8,32,0.236904,31051.481088
8,64,0.175607,23017.160704
8,128,0.089874,11779.964928
8,256,0.041224,5403.312128
16,1,0.0298,1952.9728
16,2,0.054123,3547.004928
16,4,0.108034,7080.116224
16,8,0.238227,15612.444672
16,16,0.304587,19961.413632
16,32,0.387565,25399.45984
16,64,0.276601,18127.323136
16,128,0.15689,10281.94304
16,256,0.063546,4164.550656
0.5,1,0.000951,1994.391552
0.5,2,0.001753,3676.307456
0.5,4,0.003473,7283.408896
0.5,8,0.00632,13254.00064
0.5,16,0.012816,26877.100032
0.5,32,0.015168,31809.601536
0.5,64,0.011877,24907.874304
0.5,128,0.008471,17764.974592
0.5,256,0.000389,815.792128
1,1,0.002087,2188.378112
1,2,0.003443,3610.247168
1,4,0.006756,7084.179456
1,8,0.013386,14036.238336
1,16,0.027204,28525.461504
1,32,0.031018,32524.730368
1,64,0.024336,25518.145536
1,128,0.014107,14792.261632
1,256,0.000768,805.306368
2,1,0.004842,2538.602496
2,2,0.006593,3456.630784
2,4,0.013704,7184.842752
2,8,0.027116,14216.593408
2,16,0.057055,29913.25184
2,32,0.059517,31204.048896
2,64,0.048998,25689.063424
2,128,0.025639,13442.220032
2,256,0.001498,785.383424
4,1,0.013137,3443.785728
4,2,0.024727,6482.034688
4,4,0.055069,14436.007936
4,8,0.05848,15330.18112
4,16,0.110267,28905.832448
4,32,0.124479,32631.422976
4,64,0.089561,23477.878784
4,128,0.046815,12272.27136
4,256,0.023425,6140.7232
8,1,0.022047,2889.744384
8,2,0.044198,5793.120256
8,4,0.091799,12032.278528
8,8,0.142372,18660.982784
8,16,0.180732,23688.904704
8,32,0.21003,27529.05216
8,64,0.162612,21313.880064
8,128,0.089361,11712.724992
8,256,0.037313,4890.689536
16,1,0.0292,1913.6512
16,2,0.059508,3899.916288
16,4,0.109615,7183.72864
16,8,0.202364,13262.127104
16,16,0.326344,21387.280384
16,32,0.441384,28926.541824
16,64,0.310112,20323.500032
16,128,0.161819,10604.969984
16,256,0.062129,4071.686144
0.5,1,0.000929,1948.254208
0.5,2,0.001716,3598.712832
0.5,4,0.003493,7325.351936
0.5,8,0.006236,13077.839872
0.5,16,0.014422,30245.126144
0.5,32,0.015802,33139.195904
0.5,64,0.011448,24008.196096
0.5,128,0.008495,17815.30624
0.5,256,0.000377,790.626304
1,1,0.0021,2202.0096
1,2,0.003435,3601.85856
1,4,0.006739,7066.353664
1,8,0.01242,13023.31392
1,16,0.025447,26683.113472
1,32,0.028227,29598.154752
1,64,0.022314,23397.924864
1,128,0.013839,14511.243264
1,256,0.000733,768.606208
2,1,0.005257,2756.182016
2,2,0.006463,3388.473344
2,4,0.013392,7021.264896
2,8,0.025037,13126.598656
2,16,0.054245,28440.00256
2,32,0.058154,30489.444352
2,64,0.047039,24661.983232
2,128,0.025812,13532.921856
2,256,0.001399,733.478912
4,1,0.012042,3156.738048
4,2,0.021395,5608.57088
4,4,0.049479,12970.622976
4,8,0.068447,17942.970368
4,16,0.089918,23571.464192
4,32,0.113333,29709.565952
4,64,0.084027,22027.173888
4,128,0.0481,12609.1264
4,256,0.021939,5751.177216
8,1,0.021896,2869.952512
8,2,0.039777,5213.650944
8,4,0.06906,9051.83232
8,8,0.16736,21936.20992
8,16,0.178332,23374.331904
8,32,0.233647,30624.579584
8,64,0.170745,22379.88864
8,128,0.091154,11947.737088
8,256,0.036672,4806.672384
16,1,0.029763,1950.547968
16,2,0.055123,3612.540928
16,4,0.112084,7345.537024
16,8,0.212738,13941.997568
16,16,0.301962,19789.381632
16,32,0.380126,24911.937536
16,64,0.298289,19548.667904
16,128,0.152276,9979.559936
16,256,0.067125,4399.104
0.5,1,0.000889,1864.368128
0.5,2,0.001718,3602.907136
0.5,4,0.003545,7434.40384
0.5,8,0.006676,14000.586752
0.5,16,0.013823,28988.932096
0.5,32,0.015627,32772.194304
0.5,64,0.011172,23429.382144
0.5,128,0.008473,17769.168896
0.5,256,0.000381,799.014912
1,1,0.002067,2167.406592
1,2,0.003565,3738.17344
1,4,0.006818,7149.191168
1,8,0.01352,14176.74752
1,16,0.027594,28934.406144
1,32,0.030251,31720.472576
1,64,0.023505,24646.77888
1,128,0.014077,14760.804352
1,256,0.000735,770.70336
2,1,0.004893,2565.341184
2,2,0.006781,3555.196928
2,4,0.013637,7149.715456
2,8,0.027714,14530.117632
2,16,0.051243,26866.089984
2,32,0.059055,30961.82784
2,64,0.048835,25603.60448
2,128,0.026303,13790.347264
2,256,0.001475,773.3248
4,1,0.011624,3047.161856
4,2,0.02187,5733.08928
4,4,0.029764,7802.454016
4,8,0.053457,14013.431808
4,16,0.112449,29477.830656
4,32,0.120634,31623.479296
4,64,0.087773,23009.165312
4,128,0.048826,12799.442944
4,256,0.022894,6001.524736
8,1,0.02318,3038.24896
8,2,0.044261,5801.377792
8,4,0.093304,12229.541888
8,8,0.187209,24537.858048
8,16,0.196839,25800.081408
8,32,0.191195,25060.31104
8,64,0.151235,19822.67392
8,128,0.085238,11172.315136
8,256,0.037673,4937.875456
16,1,0.030237,1981.612032
16,2,0.057129,3744.006144
16,4,0.104944,6877.609984
16,8,0.192686,12627.869696
16,16,0.330086,21632.516096
16,32,0.440355,28859.10528
16,64,0.327479,21461.663744
16,128,0.161968,10614.734848
16,256,0.071227,4667.932672
0.5,1,0.000911,1910.505472
0.5,2,0.001711,3588.227072
0.5,4,0.003444,7222.591488
0.5,8,0.006557,13751.025664
0.5,16,0.013323,27940.356096
0.5,32,0.014851,31144.804352
0.5,64,0.011823,24794.628096
0.5,128,0.008262,17326.669824
0.5,256,0.000369,773.849088
1,1,0.002128,2231.369728
1,2,0.003451,3618.635776
1,4,0.007114,7459.569664
1,8,0.014383,15081.668608
1,16,0.025936,27195.867136
1,32,0.030127,31590.449152
1,64,0.023908,25069.355008
1,128,0.014773,15490.613248
1,256,0.000776,813.694976
2,1,0.005274,2765.094912
2,2,0.006566,3442.475008
2,4,0.013649,7156.006912
2,8,0.027517,14426.832896
2,16,0.048685,25524.96128
2,32,0.058387,30611.603456
2,64,0.049137,25761.939456
2,128,0.025106,13162.774528
2,256,0.001469,770.179072
4,1,0.011912,3122.659328
4,2,0.023716,6217.007104
4,4,0.035284,9249.488896
4,8,0.065914,17278.959616
4,16,0.108037,28321.251328
4,32,0.110605,28994.43712
4,64,0.084859,22245.277696
4,128,0.049096,12870.221824
4,256,0.022826,5983.698944
8,1,0.016691,2187.722752
8,2,0.037409,4903.272448
8,4,0.064818,8495.824896
8,8,0.10916,14307.81952
8,16,0.176536,23138.926592
8,32,0.199711,26176.520192
8,64,0.153624,20135.804928
8,128,0.083287,10916.593664
8,256,0.039385,5162.27072
16,1,0.029967,1963.917312
16,2,0.056015,3670.99904
16,4,0.10484,6870.79424
16,8,0.246106,16128.802816
16,16,0.353946,23196.205056
16,32,0.393953,25818.103808
16,64,0.302117,19799.539712
16,128,0.153809,10080.026624
16,256,0.065101,4266.459136
0.5,1,0.000918,1925.185536
0.5,2,0.001729,3625.975808
0.5,4,0.003492,7323.254784
0.5,8,0.007215,15130.95168
0.5,16,0.013675,28678.5536
0.5,32,0.014448,30299.652096
0.5,64,0.011247,23586.668544
0.5,128,0.008619,18075.353088
0.5,256,0.000362,759.169024
1,1,0.002034,2132.803584
1,2,0.003412,3577.741312
1,4,0.006617,6938.427392
1,8,0.012615,13227.78624
1,16,0.025533,26773.291008
1,32,0.033015,34618.73664
1,64,0.02401,25176.30976
1,128,0.015031,15761.145856
1,256,0.000804,843.055104
2,1,0.005313,2785.542144
2,2,0.006357,3332.898816
2,4,0.013155,6897.00864
2,8,0.033436,17530.093568
2,16,0.057835,30322.19648
2,32,0.060358,31644.975104
2,64,0.047184,24738.004992
2,128,0.026917,14112.260096
2,256,0.001513,793.247744
4,1,0.012097,3171.155968
4,2,0.022838,5986.844672
4,4,0.039169,10267.918336
4,8,0.061834,16209.412096
4,16,0.110627,29000.204288
4,32,0.128356,33647.755264
4,64,0.087379,22905.880576
4,128,0.048721,12771.917824
4,256,0.022981,6024.331264
8,1,0.017971,2355.494912
8,2,0.036915,4838.52288
8,4,0.072075,9447.0144
8,8,0.189541,24843.517952
8,16,0.210583,27601.534976
8,32,0.223464,29289.873408
8,64,0.174145,22825.53344
8,128,0.090357,11843.272704
8,256,0.033551,4397.596672
16,1,0.031573,2069.168128
16,2,0.055922,3664.904192
16,4,0.107209,7026.049024
16,8,0.223065,14618.78784
16,16,0.379111,24845.418496
16,32,0.370649,24290.852864
16,64,0.312785,20498.67776
16,128,0.158721,10401.939456
16,256,0.072669,4762.435584
0.5,1,0.000914,1916.796928
0.5,2,0.001738,3644.850176
0.5,4,0.003401,7132.413952
0.5,8,0.006563,13763.608576
0.5,16,0.012762,26763.853824
0.5,32,0.015404,32304.529408
0.5,64,0.012015,25197.28128
0.5,128,0.00853,17888.70656
0.5,256,0.000369,773.849088
1,1,0.002025,2123.3664
1,2,0.003418,3584.032768
1,4,0.007089,7433.355264
1,8,0.014105,14790.16448
1,16,0.032051,33607.909376
1,32,0.031371,32894.877696
1,64,0.023341,24474.812416
1,128,0.014259,14951.645184
1,256,0.000755,791.67488
2,1,0.005113,2680.684544
2,2,0.006503,3409.444864
2,4,0.01362,7140.80256
2,8,0.027782,14565.769216
2,16,0.06325,33161.216
2,32,0.061549,32269.402112
2,64,0.04318,22638.75584
2,128,0.025726,13487.833088
2,256,0.001377,721.944576
4,1,0.012253,3212.050432
4,2,0.021803,5715.525632
4,4,0.027354,7170.686976
4,8,0.060687,15908.732928
4,16,0.11027,28906.61888
4,32,0.123045,32255.50848
4,64,0.097729,25619.070976
4,128,0.047237,12382.896128
4,256,0.020949,5491.654656
8,1,0.023017,3016.884224
8,2,0.040748,5340.921856
8,4,0.078867,10337.255424
8,8,0.187273,24546.246656
8,16,0.245555,32185.38496
8,32,0.227787,29856.497664
8,64,0.14911,19544.14592
8,128,0.088104,11547.967488
8,256,0.039881,5227.282432
16,1,0.030477,1997.340672
16,2,0.055617,3644.915712
16,4,0.100839,6608.584704
16,8,0.199501,13074.497536
16,16,0.333979,21887.647744
16,32,0.373097,24451.284992
16,64,0.316404,20735.852544
16,128,0.159732,10468.196352
16,256,0.06557,4297.19552
0.5,1,0.000921,1931.476992
0.5,2,0.001746,3661.627392
0.5,4,0.003459,7254.048768
0.5,8,0.007046,14776.532992
0.5,16,0.013947,29248.978944
0.5,32,0.01502,31499.22304
0.5,64,0.011694,24524.095488
0.5,128,0.00845,17720.9344
0.5,256,0.000383,803.209216
1,1,0.002,2097.152
1,2,0.003383,3547.332608
1,4,0.006747,7074.742272
1,8,0.012443,13047.431168
1,16,0.0268,28101.8368
1,32,0.030353,31827.427328
1,64,0.023657,24806.162432
1,128,0.014157,14844.690432
1,256,0.000728,763.363328
2,1,0.005327,2792.882176
2,2,0.006918,3627.024384
2,4,0.013019,6825.705472
2,8,0.028113,14739.308544
2,16,0.0535,28049.408
2,32,0.060683,31815.368704
2,64,0.046671,24469.045248
2,128,0.026649,13971.750912
2,256,0.001655,867.69664
4,1,0.012884,3377.463296
4,2,0.023056,6043.992064
4,4,0.048495,12712.67328
4,8,0.071172,18657.312768
4,16,0.113429,29734.731776
4,32,0.139128,36471.570432
4,64,0.094879,24871.960576
4,128,0.047795,12529.17248
4,256,0.022438,5881.987072
8,1,0.021471,2814.246912
8,2,0.051125,6701.056
8,4,0.08736,11450.44992
8,8,0.118927,15587.999744
8,16,0.163653,21450.326016
8,32,0.190192,24928.845824
8,64,0.156206,20474.232832
8,128,0.09188,12042.89536
8,256,0.039748,5209.849856
16,1,0.029343,1923.022848
16,2,0.059714,3913.416704
16,4,0.10312,6758.07232
16,8,0.198311,12996.509696
16,16,0.333855,21879.52128
16,32,0.406637,26649.362432
16,64,0.304232,19938.148352
16,128,0.158772,10405.281792
16,256,0.066142,4334.682112
0.5,1,0.000924,1937.768448
0.5,2,0.00181,3795.84512
0.5,4,0.003552,7449.083904
0.5,8,0.007228,15158.214656
0.5,16,0.013609,28540.141568
0.5,32,0.015394,32283.557888
0.5,64,0.011679,24492.638208
0.5,128,0.00861,18056.47872
0.5,256,0.000384,805.306368
1,1,0.002131,2234.515456
1,2,0.003413,3578.789888
1,4,0.006758,7086.276608
1,8,0.013679,14343.471104
1,16,0.028695,30088.88832
1,32,0.028224,29595.009024
1,64,0.023147,24271.388672
1,128,0.014462,15164.506112
1,256,0.000761,797.966336
2,1,0.004842,2538.602496
2,2,0.006571,3445.096448
2,4,0.012799,6710.362112
2,8,0.026744,14021.558272
2,16,0.049071,25727.336448
2,32,0.056666,29709.303808
2,64,0.046661,24463.802368
2,128,0.025373,13302.759424
2,256,0.001481,776.470528
4,1,0.012511,3279.683584
4,2,0.021359,5599.133696
4,4,0.042474,11134.304256
4,8,0.065762,17239.113728
4,16,0.12474,32699.84256
4,32,0.131656,34512.830464
4,64,0.093854,24603.262976
4,128,0.048905,12820.15232
4,256,0.02214,5803.86816
8,1,0.023436,3071.803392
8,2,0.049663,6509.428736
8,4,0.075223,9859.629056
8,8,0.153058,20061.618176
8,16,0.195185,25583.28832
8,32,0.214762,28149.284864
8,64,0.158044,20715.143168
8,128,0.088561,11607.867392
8,256,0.041228,5403.836416
16,1,0.030868,2022.965248
16,2,0.057711,3782.148096
16,4,0.100847,6609.108992
16,8,0.245376,16080.961536
16,16,0.399117,26156.531712
16,32,0.428763,28099.411968
16,64,0.331987,21757.100032
16,128,0.15168,9940.50048
16,254,0.072474,4749.656064
0.5,1,0.000998,2092.957696
0.5,2,0.00173,3628.07296
0.5,4,0.003586,7520.387072
0.5,8,0.006953,14581.497856
0.5,16,0.015434,32367.443968
0.5,32,0.015909,33363.591168
0.5,64,0.012018,25203.572736
0.5,128,0.008409,17634.951168
0.5,256,0.000365,765.46048
1,1,0.002054,2153.775104
1,2,0.003422,3588.227072
1,4,0.007045,7387.21792
1,8,0.015136,15871.246336
1,16,0.029947,31401.705472
1,32,0.029959,31414.288384
1,64,0.02318,24305.99168
1,128,0.014036,14717.812736
1,256,0.000763,800.063488
2,1,0.004626,2425.356288
2,2,0.006652,3487.563776
2,4,0.013336,6991.904768
2,8,0.032629,17106.993152
2,16,0.072029,37763.940352
2,32,0.061238,32106.348544
2,64,0.044431,23294.640128
2,128,0.025758,13504.610304
2,256,0.001476,773.849088
4,1,0.011942,3130.523648
4,2,0.019851,5203.820544
4,4,0.044783,11739.594752
4,8,0.060027,15735.717888
4,16,0.120844,31678.529536
4,32,0.113432,29735.518208
4,64,0.089498,23461.363712
4,128,0.047979,12577.406976
4,256,0.022243,5830.868992
8,1,0.02208,2894.06976
8,2,0.039769,5212.602368
8,4,0.093227,12219.449344
8,8,0.16512,21642.60864
8,16,0.283576,37168.873472
8,32,0.21876,28673.31072
8,64,0.136512,17892.900864
8,128,0.087287,11440.881664
8,256,0.040297,5281.808384
16,1,0.027982,1833.828352
16,2,0.058511,3834.576896
16,4,0.10277,6735.13472
16,8,0.204071,13373.997056
16,16,0.362495,23756.47232
16,32,0.375571,24613.421056
16,64,0.308239,20200.751104
16,128,0.159455,10450.04288
16,256,0.069989,4586.799104
0.5,1,0.000917,1923.088384
0.5,2,0.001726,3619.684352
0.5,4,0.003654,7662.993408
0.5,8,0.007456,15636.365312
0.5,16,0.015276,32036.093952
0.5,32,0.014503,30414.995456
0.5,64,0.011423,23955.767296
0.5,128,0.008418,17653.825536
0.5,256,0.000366,767.557632
1,1,0.00205,2149.5808
1,2,0.003472,3640.655872
1,4,0.006863,7196.377088
1,8,0.012966,13595.836416
1,16,0.027764,29112.664064
1,32,0.027386,28716.302336
1,64,0.023305,24437.06368
1,128,0.014691,15404.630016
1,256,0.000759,795.869184
2,1,0.004979,2610.429952
2,2,0.006331,3319.267328
2,4,0.013718,7192.182784
2,8,0.027916,14636.023808
2,16,0.058457,30648.303616
2,32,0.067574,35428.237312
2,64,0.045302,23751.294976
2,128,0.025762,13506.707456
2,256,0.001576,826.277888
4,1,0.012395,3249.27488
4,2,0.018986,4977.065984
4,4,0.031144,8164.212736
4,8,0.060865,15955.39456
4,16,0.104963,27515.420672
4,32,0.110314,28918.153216
4,64,0.090685,23772.52864
4,128,0.047539,12462.063616
4,256,0.022798,5976.358912
8,1,0.021487,2816.344064
8,2,0.041118,5389.418496
8,4,0.075607,9909.960704
8,8,0.176426,23124.508672
8,16,0.249397,32688.963584
8,32,0.20924,27425.50528
8,64,0.170106,22296.133632
8,128,0.085839,11251.089408
8,256,0.039274,5147.721728
16,1,0.029437,1929.183232
16,2,0.055551,3640.590336
16,4,0.111057,7278.231552
16,8,0.239559,15699.738624
16,16,0.42376,27771.53536
16,32,0.474391,31089.688576
16,64,0.29461,19307.56096
16,128,0.156549,10259.595264
16,256,0.071378,4677.828608
0.5,1,0.001022,2143.289344
0.5,2,0.001728,3623.878656
0.5,4,0.00338,7088.37376
0.5,8,0.006664,13975.420928
0.5,16,0.013021,27307.016192
0.5,32,0.016031,33619.443712
0.5,64,0.011187,23460.839424
0.5,128,0.008531,17890.803712
0.5,256,0.000388,813.694976
1,1,0.001953,2047.868928
1,2,0.003393,3557.818368
1,4,0.006554,6872.367104
1,8,0.013791,14460.911616
1,16,0.030063,31523.340288
1,32,0.031339,32861.323264
1,64,0.02361,24756.87936
1,128,0.014591,15299.772416
1,256,0.000791,829.423616
2,1,0.00542,2841.64096
2,2,0.006559,3438.804992
2,4,0.013608,7134.511104
2,8,0.027474,14404.288512
2,16,0.055285,28985.26208
2,32,0.069998,36699.111424
2,64,0.045982,24107.810816
2,128,0.025323,13276.545024
2,256,0.001389,728.236032
4,1,0.012288,3221.225472
4,2,0.024304,6371.147776
4,4,0.045943,12043.681792
4,8,0.06366,16688.08704
4,16,0.100183,26262.372352
4,32,0.124689,32686.473216
4,64,0.088729,23259.774976
4,128,0.048109,12611.485696
4,256,0.021785,5710.80704
8,1,0.023839,3124.625408
8,2,0.041974,5501.616128
8,4,0.09812,12860.78464
8,8,0.177691,23290.314752
8,16,0.191419,25089.671168
8,32,0.185582,24324.603904
8,64,0.150442,19718.733824
8,128,0.08498,11138.49856
8,256,0.038868,5094.506496
16,1,0.029516,1934.360576
16,2,0.056361,3693.674496
16,4,0.106522,6981.025792
16,8,0.206466,13530.955776
16,16,0.39336,25779.24096
16,32,0.381935,25030.49216
16,64,0.279238,18300.141568
16,128,0.158406,10381.295616
16,256,0.057019,3736.797184
0.5,1,0.000897,1881.145344
0.5,2,0.00171,3586.12992
0.5,4,0.00356,7465.86112
0.5,8,0.006545,13725.85984
0.5,16,0.013398,28097.642496
0.5,32,0.014985,31425.82272
0.5,64,0.011822,24792.530944
0.5,128,0.008321,17450.401792
0.5,256,0.00038,796.91776
1,1,0.002001,2098.200576
1,2,0.003458,3625.975808
1,4,0.006646,6968.836096
1,8,0.01324,13883.14624
1,16,0.024981,26194.477056
1,32,0.029778,31224.496128
1,64,0.022789,23895.998464
1,128,0.014614,15323.889664
1,256,0.000737,772.800512
2,1,0.00504,2642.41152
2,2,0.006535,3426.22208
2,4,0.013518,7087.325184
2,8,0.027039,14176.223232
2,16,0.060144,31532.777472
2,32,0.062298,32662.093824
2,64,0.048522,25439.502336
2,128,0.027018,14165.213184
2,256,0.001497,784.859136
4,1,0.012215,3202.08896
4,2,0.022236,5829.033984
4,4,0.028202,7392.985088
4,8,0.064184,16825.450496
4,16,0.134045,35139.09248
4,32,0.118058,30948.196352
4,64,0.096536,25306.333184
4,128,0.048233,12643.991552
4,256,0.020909,5481.168896
8,1,0.023679,3103.653888
8,2,0.041852,5485.625344
8,4,0.093436,12246.843392
8,8,0.183086,23997.448192
8,16,0.193899,25414.729728
8,32,0.220236,28866.772992
8,64,0.161617,21183.463424
8,128,0.088236,11565.268992
8,256,0.039028,5115.478016
16,1,0.029685,1945.43616
16,2,0.054516,3572.760576
16,4,0.103411,6777.143296
16,8,0.183201,12006.260736
16,16,0.3326,21797.2736
16,32,0.402009,26346.061824
16,64,0.294627,19308.675072
16,128,0.159918,10480.386048
16,256,0.067453,4420.599808
0.5,1,0.000897,1881.145344
0.5,2,0.00172,3607.10144
0.5,4,0.003332,6987.710464
0.5,8,0.006924,14520.680448
0.5,16,0.013446,28198.305792
0.5,32,0.01508,31625.05216
0.5,64,0.011586,24297.603072
0.5,128,0.008577,17987.272704
0.5,256,0.000393,824.180736
1,1,0.001971,2066.743296
1,2,0.003299,3459.252224
1,4,0.006755,7083.13088
1,8,0.012902,13528.727552
1,16,0.027134,28452.061184
1,32,0.029112,30526.144512
1,64,0.025199,26423.066624
1,128,0.014676,15388.901376
1,256,0.000747,783.286272
2,1,0.004441,2328.363008
2,2,0.006397,3353.870336
2,4,0.013094,6865.027072
2,8,0.025246,13236.174848
2,16,0.049258,25825.378304
2,32,0.056211,29470.752768
2,64,0.04468,23425.18784
2,128,0.025558,13399.752704
2,256,0.001521,797.442048
4,1,0.01215,3185.0496
4,2,0.019702,5164.761088
4,4,0.041542,10889.986048
4,8,0.054678,14333.509632
4,16,0.109258,28641.329152
4,32,0.111994,29358.555136
4,64,0.088393,23171.694592
4,128,0.047338,12409.372672
4,256,0.02293,6010.96192
8,1,0.022931,3005.612032
8,2,0.041632,5456.789504
8,4,0.091548,11999.379456
8,8,0.162335,21277.57312
8,16,0.187676,24599.068672
8,32,0.214776,28151.119872
8,64,0.161705,21194.99776
8,128,0.089629,11747.852288
8,256,0.041753,5472.649216
16,1,0.031134,2040.397824
16,2,0.054188,3551.264768
16,4,0.10655,6982.8608
16,8,0.194643,12756.123648
16,16,0.337261,22102.736896
16,32,0.414726,27179.483136
16,64,0.300768,19711.131648
16,128,0.15826,10371.72736
16,256,0.062816,4116.709376
0.5,1,0.000895,1876.95104
0.5,2,0.001714,3594.518528
0.5,4,0.003337,6998.196224
0.5,8,0.007022,14726.201344
0.5,16,0.013536,28387.049472
0.5,32,0.013816,28974.252032
0.5,64,0.011654,24440.209408
0.5,128,0.009741,20428.357632
0.5,256,0.000377,790.626304
1,1,0.002018,2116.026368
1,2,0.003398,3563.061248
1,4,0.006883,7217.348608
1,8,0.01296,13589.54496
1,16,0.025127,26347.569152
1,32,0.029601,31038.898176
1,64,0.023506,24647.827456
1,128,0.014917,15641.608192
1,256,0.000724,759.169024
2,1,0.005279,2767.716352
2,2,0.006605,3462.92224
2,4,0.013796,7233.077248
2,8,0.025783,13517.717504
2,16,0.052544,27548.188672
2,32,0.056571,29659.496448
2,64,0.045573,23893.377024
2,128,0.025275,13251.3792
2,256,0.001668,874.512384
4,1,0.012089,3169.058816
4,2,0.02252,5903.48288
4,4,0.030547,8007.712768
4,8,0.070095,18374.98368
4,16,0.106032,27795.652608
4,32,0.126716,33217.839104
4,64,0.090512,23727.177728
4,128,0.049543,12987.400192
4,256,0.02292,6008.34048
8,1,0.024345,3190.94784
8,2,0.033084,4336.386048
8,4,0.083967,11005.722624
8,8,0.213722,28012.969984
8,16,0.189808,24878.514176
8,32,0.240718,31551.389696
8,64,0.167902,22007.250944
8,128,0.087536,11473.518592
8,256,0.036516,4786.225152
16,1,0.029579,1938.489344
16,2,0.054717,3585.933312
16,4,0.107116,7019.954176
16,8,0.201918,13232.898048
16,16,0.332051,21761.294336
16,32,0.360482,23624.548352
16,64,0.304649,19965.476864
16,128,0.152855,10017.50528
16,256,0.067168,4401.922048
0.5,1,0.000894,1874.853888
0.5,2,0.001696,3556.769792
0.5,4,0.003404,7138.705408
0.5,8,0.006391,13402.898432
0.5,16,0.013785,28909.24032
0.5,32,0.013768,28873.588736
0.5,64,0.011705,24547.16416
0.5,128,0.008508,17842.569216
0.5,256,0.000382,801.112064
1,1,0.001929,2022.703104
1,2,0.003399,3564.109824
1,4,0.006638,6960.447488
1,8,0.012847,13471.055872
1,16,0.02669,27986.49344
1,32,0.032768,34359.738368
1,64,0.024112,25283.264512
1,128,0.014286,14979.956736
1,256,0.000752,788.529152
2,1,0.005096,2671.771648
2,2,0.006486,3400.531968
2,4,0.013172,6905.921536
2,8,0.025925,13592.1664
2,16,0.052013,27269.791744
2,32,0.062703,32874.430464
2,64,0.044719,23445.635072
2,128,0.02553,13385.07264
2,256,0.001467,769.130496
4,1,0.01204,3156.21376
4,2,0.021093,5529.403392
4,4,0.043787,11478.499328
4,8,0.055659,14590.672896
4,16,0.105576,27676.114944
4,32,0.120834,31675.908096
4,64,0.094424,24752.685056
4,128,0.048793,12790.792192
4,256,0.023473,6153.306112
8,1,0.023268,3049.783296
8,2,0.03961,5191.76192
8,4,0.087469,11464.736768
8,8,0.108583,14232.190976
8,16,0.16993,22273.06496
8,32,0.206852,27112.505344
8,64,0.164434,21552.693248
8,128,0.088061,11542.331392
8,256,0.040154,5263.065088
16,1,0.029575,1938.2272
16,2,0.052507,3441.098752
16,4,0.107586,7050.756096
16,8,0.183148,12002.787328
16,16,0.347064,22745.186304
16,32,0.370661,24291.639296
16,64,0.274631,17998.217216
16,128,0.158512,10388.242432
16,256,0.070081,4592.828416
0.5,1,0.000895,1876.95104
0.5,2,0.001708,3581.935616
0.5,4,0.003324,6970.933248
0.5,8,0.006695,14040.43264
0.5,16,0.013171,27621.588992
0.5,32,0.013713,28758.245376
0.5,64,0.011686,24507.318272
0.5,128,0.008658,18157.142016
0.5,256,0.00038,796.91776
1,1,0.002062,2162.163712
1,2,0.003385,3549.42976
1,4,0.006503,6818.889728
1,8,0.01291,13537.11616
1,16,0.026162,27432.845312
1,32,0.030393,31869.370368
1,64,0.023533,24676.139008
1,128,0.014075,14758.7072
1,256,0.000765,802.16064
2,1,0.005353,2806.513664
2,2,0.006861,3597.139968
2,4,0.012992,6811.549696
2,8,0.025405,13319.53664
2,16,0.048539,25448.415232
2,32,0.062664,32853.983232
2,64,0.047771,25045.762048
2,128,0.025094,13156.483072
2,256,0.001423,746.061824
4,1,0.01275,3342.336
4,2,0.022311,5848.694784
4,4,0.054134,14190.903296
4,8,0.071993,18872.532992
4,16,0.101467,26598.965248
4,32,0.107031,28057.534464
4,64,0.09618,25213.00992
4,128,0.047159,12362.448896
4,256,0.023102,6056.050688
8,1,0.02309,3026.45248
8,2,0.040229,5272.895488
8,4,0.072345,9482.40384
8,8,0.108914,14275.575808
8,16,0.198787,26055.409664
8,32,0.198516,26019.889152
8,64,0.161044,21108.359168
8,128,0.085392,11192.500224
8,256,0.039313,5152.833536
16,1,0.03013,1974.59968
16,2,0.053071,3478.061056
16,4,0.107069,7016.873984
16,8,0.196726,12892.635136
16,16,0.382635,25076.36736
16,32,0.378965,24835.85024
16,64,0.322115,21110.12864
16,128,0.153593,10065.870848
16,256,0.06484,4249.35424
0.5,1,0.000947,1986.002944
0.5,2,0.001731,3630.170112
0.5,4,0.003255,6826.22976
0.5,8,0.006383,13386.121216
0.5,16,0.013141,27558.674432
0.5,32,0.014835,31111.24992
0.5,64,0.011641,24412.946432
0.5,128,0.008475,17773.3632
0.5,256,0.00038,796.91776
1,1,0.00199,2086.66624
1,2,0.003316,3477.078016
1,4,0.00649,6805.25824
1,8,0.012786,13407.092736
1,16,0.028295,29669.45792
1,32,0.029568,31004.295168
1,64,0.023166,24291.311616
1,128,0.014133,14819.524608
1,256,0.000785,823.13216
2,1,0.004747,2488.795136
2,2,0.006442,3377.463296
2,4,0.01347,7062.15936
2,8,0.024633,12914.786304
2,16,0.050528,26491.224064
2,32,0.055396,29043.458048
2,64,0.046797,24535.105536
2,128,0.025537,13388.742656
2,256,0.001541,807.927808
4,1,0.011902,3120.037888
4,2,0.021591,5659.951104
4,4,0.027662,7251.427328
4,8,0.053105,13921.15712
4,16,0.102868,26966.228992
4,32,0.111518,29233.774592
4,64,0.094583,24794.365952
4,128,0.048767,12783.976448
4,256,0.021161,5547.229184
8,1,0.020168,2643.460096
8,2,0.039711,5205.000192
8,4,0.058837,7711.883264
8,8,0.096539,12653.559808
8,16,0.173254,22708.748288
8,32,0.184993,24247.402496
8,64,0.150692,19751.501824
8,128,0.085946,11265.114112
8,256,0.040217,5271.322624
16,1,0.030624,2006.974464
16,2,0.053298,3492.937728
16,4,0.094557,6196.887552
16,8,0.197245,12926.64832
16,16,0.33779,22137.40544
16,32,0.366033,23988.338688
16,64,0.293918,19262.210048
16,128,0.153436,10055.581696
16,256,0.071734,4701.159424
0.5,1,0.000931,1952.448512
0.5,2,0.001716,3598.712832
0.5,4,0.003245,6805.25824
0.5,8,0.006408,13438.550016
0.5,16,0.0142,29779.5584
0.5,32,0.014888,31222.398976
0.5,64,0.012437,26082.279424
0.5,128,0.008685,18213.76512
0.5,256,0.000382,801.112064
1,1,0.002053,2152.726528
1,2,0.00337,3533.70112
1,4,0.006801,7131.365376
1,8,0.01238,12981.37088
1,16,0.025072,26289.897472
1,32,0.032822,34416.361472
1,64,0.022878,23989.321728
1,128,0.013794,14464.057344
1,256,0.000744,780.140544
2,1,0.005083,2664.955904
2,2,0.006623,3472.359424
2,4,0.012616,6614.417408
2,8,0.027753,14550.564864
2,16,0.049132,25759.318016
2,32,0.062303,32664.715264
2,64,0.044788,23481.810944
2,128,0.026135,13702.26688
2,256,0.001371,718.798848
4,1,0.011669,3058.958336
4,2,0.021172,5550.112768
4,4,0.040114,10515.644416
4,8,0.0631,16541.2864
4,16,0.110226,28895.084544
4,32,0.114164,29927.407616
4,64,0.086128,22577.938432
4,128,0.047468,12443.451392
4,256,0.021843,5726.011392
8,1,0.02377,3115.58144
8,2,0.035741,4684.644352
8,4,0.059046,7739.277312
8,8,0.142639,18695.979008
8,16,0.187256,24544.018432
8,32,0.209028,27397.718016
8,64,0.160294,21010.055168
8,128,0.085215,11169.30048
8,256,0.039162,5133.041664
16,1,0.03071,2012.61056
16,2,0.057093,3741.646848
16,4,0.107275,7030.3744
16,8,0.18655,12225.7408
16,16,0.328724,21543.256064
16,32,0.364267,23872.602112
16,64,0.288039,18876.923904
16,128,0.156308,10243.801088
16,256,0.066198,4338.352128
0.5,1,0.000904,1895.825408
0.5,2,0.001692,3548.381184
0.5,4,0.003405,7140.80256
0.5,8,0.006131,12857.638912
0.5,16,0.013051,27369.930752
0.5,32,0.013843,29030.875136
0.5,64,0.011667,24467.472384
0.5,128,0.00848,17783.84896
0.5,256,0.000378,792.723456
1,1,0.001949,2043.674624
1,2,0.003456,3623.878656
1,4,0.006509,6825.181184
1,8,0.01237,12970.88512
1,16,0.02774,29087.49824
1,32,0.032116,33676.066816
1,64,0.024711,25911.361536
1,128,0.014353,15050.211328
1,256,0.00075,786.432
2,1,0.005258,2756.706304
2,2,0.006707,3516.399616
2,4,0.013683,7173.832704
2,8,0.026615,13953.92512
2,16,0.054567,28608.823296
2,32,0.061454,32219.594752
2,64,0.044428,23293.067264
2,128,0.025129,13174.833152
2,256,0.00139,728.76032
4,1,0.012061,3161.718784
4,2,0.022785,5972.95104
4,4,0.04424,11597.25056
4,8,0.057566,15090.581504
4,16,0.100767,26415.464448
4,32,0.112723,29549.658112
4,64,0.087383,22906.929152
4,128,0.047362,12415.664128
4,256,0.023233,6090.391552
8,1,0.023568,3089.104896
8,2,0.037843,4960.157696
8,4,0.073857,9680.584704
8,8,0.182459,23915.266048
8,16,0.179807,23567.663104
8,32,0.212395,27839.03744
8,64,0.161718,21196.701696
8,128,0.086183,11296.178176
8,256,0.041458,5433.982976
16,1,0.031779,2082.668544
16,2,0.054548,3574.857728
16,4,0.10083,6607.99488
16,8,0.198134,12984.909824
16,16,0.310966,20379.467776
16,32,0.37258,24417.40288
16,64,0.253309,16600.858624
16,128,0.157754,10338.566144
16,256,0.06741,4417.78176
0.5,1,0.000915,1918.89408
0.5,2,0.001707,3579.838464
0.5,4,0.00334,7004.48768
0.5,8,0.006308,13228.834816
0.5,16,0.013286,27862.761472
0.5,32,0.014219,29819.404288
0.5,64,0.011079,23234.347008
0.5,128,0.008398,17611.882496
0.5,256,0.000367,769.654784
1,1,0.001946,2040.528896
1,2,0.00347,3638.55872
1,4,0.007234,7585.398784
1,8,0.013427,14079.229952
1,16,0.028336,29712.449536
1,32,0.029599,31036.801024
1,64,0.023486,24626.855936
1,128,0.01376,14428.40576
1,256,0.000748,784.334848
2,1,0.004735,2482.50368
2,2,0.006383,3346.530304
2,4,0.013127,6882.328576
2,8,0.024408,12796.821504
2,16,0.046006,24120.393728
2,32,0.05667,29711.40096
2,64,0.045735,23978.31168
2,128,0.025104,13161.725952
2,256,0.001557,816.316416
4,1,0.012093,3170.107392
4,2,0.020989,5502.140416
4,4,0.027795,7286.29248
4,8,0.064674,16953.901056
4,16,0.098562,25837.436928
4,32,0.115052,30160.191488
4,64,0.086383,22644.785152
4,128,0.048748,12778.995712
4,256,0.022406,5873.598464
8,1,0.022016,2885.681152
8,2,0.046459,6089.474048
8,4,0.077152,10112.466944
8,8,0.095747,12549.750784
8,16,0.172527,22613.458944
8,32,0.175943,23061.200896
8,64,0.152111,19937.492992
8,128,0.092,12058.624
8,256,0.042032,5509.218304
16,1,0.030554,2002.386944
16,2,0.06197,4061.26592
16,4,0.100918,6613.762048
16,8,0.231768,15189.147648
16,16,0.383166,25111.166976
16,32,0.391763,25674.579968
16,64,0.310049,20319.371264
16,128,0.149158,9775.218688
16,256,0.064315,4214.94784
0.5,1,0.000907,1902.116864
0.5,2,0.001727,3621.781504
0.5,4,0.003296,6912.212992
0.5,8,0.006364,13346.275328
0.5,16,0.013567,28452.061184
0.5,32,0.014391,30180.114432
0.5,64,0.011886,24926.748672
0.5,128,0.009731,20407.386112
0.5,256,0.000363,761.266176
1,1,0.002005,2102.39488
1,2,0.003408,3573.547008
1,4,0.006862,7195.328512
1,8,0.012861,13485.735936
1,16,0.028659,30051.139584
1,32,0.031939,33490.468864
1,64,0.022933,24046.993408
1,128,0.014165,14853.07904
1,256,0.000719,753.926144
2,1,0.00516,2705.32608
2,2,0.006604,3462.397952
2,4,0.012995,6813.12256
2,8,0.026868,14086.569984
2,16,0.057083,29927.931904
2,32,0.061262,32118.931456
2,64,0.045598,23906.484224
2,128,0.025036,13126.074368
2,256,0.001486,779.091968
4,1,0.012052,3159.359488
4,2,0.021394,5608.308736
4,4,0.039446,10340.532224
4,8,0.061122,16022.765568
4,16,0.104079,27283.685376
4,32,0.104715,27450.40896
4,64,0.087776,23009.951744
4,128,0.047659,12493.520896
4,256,0.021646,5674.369024
8,1,0.0227,2975.3344
8,2,0.046132,6046.613504
8,4,0.087052,11410.079744
8,8,0.170769,22383.034368
8,16,0.224895,29477.43744
8,32,0.234162,30692.081664
8,64,0.155928,20437.794816
8,128,0.088443,11592.400896
8,256,0.043405,5689.18016
16,1,0.031282,2050.097152
16,2,0.054199,3551.985664
16,4,0.103293,6769.410048
16,8,0.216766,14205.976576
16,16,0.308967,20248.461312
16,32,0.363161,23800.119296
16,64,0.304131,19931.529216
16,128,0.15964,10462.16704
16,256,0.063153,4138.795008
0.5,1,0.000961,2015.363072
0.5,2,0.001708,3581.935616
0.5,4,0.003337,6998.196224
0.5,8,0.006648,13941.866496
0.5,16,0.013522,28357.689344
0.5,32,0.014695,30817.64864
0.5,64,0.011446,24004.001792
0.5,128,0.008247,17295.212544
0.5,256,0.000389,815.792128
1,1,0.002321,2433.744896
1,2,0.003581,3754.950656
1,4,0.0066,6920.6016
1,8,0.012946,13574.864896
1,16,0.027495,28830.59712
1,32,0.02979,31237.07904
1,64,0.023228,24356.323328
1,128,0.014143,14830.010368
1,256,0.000743,779.091968
2,1,0.004826,2530.213888
2,2,0.006423,3367.501824
2,4,0.013014,6823.084032
2,8,0.024991,13102.481408
2,16,0.050666,26563.575808
2,32,0.056159,29443.489792
2,64,0.047398,24850.202624
2,128,0.025746,13498.318848
2,256,0.001465,768.08192
4,1,0.012449,3263.430656
4,2,0.020378,5341.970432
4,4,0.031765,8327.00416
4,8,0.058329,15290.597376
4,16,0.101979,26733.182976
4,32,0.123464,32365.346816
4,64,0.091409,23962.320896
4,128,0.048837,12802.326528
4,256,0.022865,5993.92256
8,1,0.023729,3110.207488
8,2,0.042563,5578.817536
8,4,0.08139,10667.95008
8,8,0.138723,18182.701056
8,16,0.177798,23304.339456
8,32,0.209313,27435.073536
8,64,0.164882,21611.413504
8,128,0.087071,11412.570112
8,256,0.039324,5154.275328
16,1,0.031783,2082.930688
16,2,0.05466,3582.19776
16,4,0.103489,6782.255104
16,8,0.196372,12869.435392
16,16,0.309166,20261.502976
16,32,0.342897,22472.097792
16,64,0.251807,16502.423552
16,128,0.156996,10288.889856
16,256,0.071439,4681.826304
0.5,1,0.000909,1906.311168
0.5,2,0.001757,3684.696064
0.5,4,0.003478,7293.894656
0.5,8,0.006288,13186.891776
0.5,16,0.01396,29276.24192
0.5,32,0.015087,31639.732224
0.5,64,0.011214,23517.462528
0.5,128,0.008215,17228.10368
0.5,256,0.000357,748.683264
1,1,0.001955,2049.96608
1,2,0.003418,3584.032768
1,4,0.00655,6868.1728
1,8,0.012123,12711.886848
1,16,0.026871,28176.285696
1,32,0.031924,33474.740224
1,64,0.023998,25163.726848
1,128,0.014508,15212.740608
1,256,0.000758,794.820608
2,1,0.00457,2395.99616
2,2,0.006366,3337.617408
2,4,0.012946,6787.432448
2,8,0.026147,13708.558336
2,16,0.049016,25698.500608
2,32,0.051719,27115.651072
2,64,0.048012,25172.115456
2,128,0.026067,13666.615296
2,256,0.001507,790.102016
4,1,0.012039,3155.951616
4,2,0.021402,5610.405888
4,4,0.038552,10106.175488
4,8,0.061423,16101.670912
4,16,0.106773,27989.901312
4,32,0.109848,28795.994112
4,64,0.096042,25176.834048
4,128,0.047742,12515.278848
4,256,0.022232,5827.985408
8,1,0.02266,2970.09152
8,2,0.04195,5498.4704
8,4,0.094471,12382.502912
8,8,0.184669,24204.935168
8,16,0.196265,25724.84608
8,32,0.193588,25373.966336
8,64,0.169564,22225.092608
8,128,0.090354,11842.879488
8,256,0.03894,5103.94368
16,1,0.031608,2071.461888
16,2,0.051837,3397.189632
16,4,0.108812,7131.103232
16,8,0.175166,11479.678976
16,16,0.345851,22665.691136
16,32,0.432741,28360.114176
16,64,0.277787,18205.048832
16,128,0.167051,10947.854336
16,256,0.064552,4230.479872
0.5,1,0.000909,1906.311168
0.5,2,0.001766,3703.570432
0.5,4,0.003233,6780.092416
0.5,8,0.006771,14199.816192
0.5,16,0.012832,26910.654464
0.5,32,0.014753,30939.283456
0.5,64,0.011744,24628.953088
0.5,128,0.008495,17815.30624
0.5,256,0.000367,769.654784
1,1,0.002046,2145.386496
1,2,0.003356,3519.021056
1,4,0.006389,6699.352064
1,8,0.012575,13185.8432
1,16,0.025531,26771.193856
1,32,0.029132,30547.116032
1,64,0.023477,24617.418752
1,128,0.013739,14406.385664
1,256,0.000774,811.597824
2,1,0.00515,2700.0832
2,2,0.006452,3382.706176
2,4,0.013085,6860.30848
2,8,0.021218,11124.342784
2,16,0.0522,27367.8336
2,32,0.062507,32771.670016
2,64,0.045092,23641.194496
2,128,0.025497,13367.771136
2,256,0.001506,789.577728
4,1,0.012175,3191.6032
4,2,0.022286,5842.141184
4,4,0.029362,7697.072128
4,8,0.057955,15192.55552
4,16,0.103479,27126.398976
4,32,0.104913,27502.313472
4,64,0.088954,23318.757376
4,128,0.047178,12367.429632
4,256,0.022569,5916.327936
8,1,0.022766,2983.985152
8,2,0.040747,5340.790784
8,4,0.083225,10908.4672
8,8,0.128407,16830.562304
8,16,0.188963,24767.758336
8,32,0.188747,24739.446784
8,64,0.150365,19708.64128
8,128,0.088097,11547.049984
8,256,0.04151,5440.79872
16,1,0.032074,2102.001664
16,2,0.051811,3395.485696
16,4,0.103236,6765.674496
16,8,0.17599,11533.68064
16,16,0.323114,21175.599104
16,32,0.297085,19469.76256
16,64,0.252566,16552.165376
16,128,0.152408,9988.210688
16,256,0.06253,4097.96608
0.5,1,0.000914,1916.796928
0.5,2,0.001719,3605.004288
0.5,4,0.003226,6765.412352
0.5,8,0.006311,13235.126272
0.5,16,0.013358,28013.756416
0.5,32,0.01493,31310.47936
0.5,64,0.011297,23691.526144
0.5,128,0.008432,17683.185664
0.5,256,0.000366,767.557632
1,1,0.002038,2136.997888
1,2,0.003434,3600.809984
1,4,0.00669,7014.97344
1,8,0.012422,13025.411072
1,16,0.026596,27887.927296
1,32,0.029737,31181.504512
1,64,0.023247,24376.246272
1,128,0.014045,14727.24992
1,256,0.000776,813.694976
2,1,0.004956,2598.371328
2,2,0.006451,3382.181888
2,4,0.013069,6851.919872
2,8,0.027917,14636.548096
2,16,0.057368,30077.353984
2,32,0.055443,29068.099584
2,64,0.046571,24416.616448
2,128,0.025452,13344.178176
2,256,0.001458,764.411904
4,1,0.01208,3166.69952
4,2,0.02273,5958.53312
4,4,0.029485,7729.31584
4,8,0.051966,13622.575104
4,16,0.107534,28189.392896
4,32,0.12546,32888.58624
4,64,0.093129,24413.208576
4,128,0.048091,12606.767104
4,256,0.022782,5972.164608
8,1,0.021826,2860.777472
8,2,0.04149,5438.17728
8,4,0.092869,12172.525568
8,8,0.144278,18910.806016
8,16,0.176658,23154.917376
8,32,0.202363,26524.123136
8,64,0.157219,20607.008768
8,128,0.084455,11069.68576
8,256,0.039727,5207.097344
16,1,0.03085,2021.7856
16,2,0.05347,3504.20992
16,4,0.10489,6874.07104
16,8,0.18826,12337.80736
16,16,0.355579,23303.225344
16,32,0.396909,26011.828224
16,64,0.299613,19635.437568
16,128,0.155562,10194.911232
16,256,0.068041,4459.134976
0.5,1,0.000926,1941.962752
0.5,2,0.001717,3600.809984
0.5,4,0.003261,6838.812672
0.5,8,0.006219,13042.188288
0.5,16,0.013038,27342.667776
0.5,32,0.013758,28852.617216
0.5,64,0.011523,24165.482496
0.5,128,0.008232,17263.755264
0.5,256,0.00038,796.91776
1,1,0.001982,2078.277632
1,2,0.003383,3547.332608
1,4,0.006664,6987.710464
1,8,0.012097,12684.623872
1,16,0.02479,25994.19904
1,32,0.028887,30290.214912
1,64,0.023127,24250.417152
1,128,0.014518,15223.226368
1,256,0.000754,790.626304
2,1,0.004985,2613.57568
2,2,0.006439,3375.890432
2,4,0.012909,6768.033792
2,8,0.024349,12765.888512
2,16,0.049262,25827.475456
2,32,0.059365,31124.35712
2,64,0.046973,24627.380224
2,128,0.026189,13730.578432
2,256,0.001529,801.636352
4,1,0.011756,3081.764864
4,2,0.02161,5664.93184
4,4,0.028735,7532.70784
4,8,0.060288,15804.137472
4,16,0.119677,31372.607488
4,32,0.121293,31796.232192
4,64,0.08697,22798.66368
4,128,0.048575,12733.6448
4,256,0.022224,5825.888256
8,1,0.023881,3130.130432
8,2,0.041192,5399.117824
8,4,0.103309,13540.917248
8,8,0.138428,18144.034816
8,16,0.301269,39487.930368
8,32,0.223927,29350.559744
8,64,0.15609,20459.02848
8,128,0.089256,11698.962432
8,256,0.03892,5101.32224
16,1,0.032096,2103.443456
16,2,0.054184,3551.002624
16,4,0.114367,7495.155712
16,8,0.19836,12999.72096
16,16,0.346726,22723.035136
16,32,0.416968,27326.414848
16,64,0.27555,18058.4448
16,128,0.151469,9926.672384
16,256,0.073615,4824.43264
0.5,1,0.000902,1891.631104
0.5,2,0.001754,3678.404608
0.5,4,0.003386,7100.956672
0.5,8,0.006047,12681.478144
0.5,16,0.013368,28034.727936
0.5,32,0.015489,32482.787328
0.5,64,0.011625,24379.392
0.5,128,0.008403,17622.368256
0.5,256,0.000353,740.294656
1,1,0.001983,2079.326208
1,2,0.003352,3514.826752
1,4,0.006559,6877.609984
1,8,0.012045,12630.09792
1,16,0.025534,26774.339584
1,32,0.029895,31347.17952
1,64,0.023104,24226.299904
1,128,0.014353,15050.211328
1,256,0.000739,774.897664
2,1,0.005421,2842.165248
2,2,0.006725,3525.8368
2,4,0.012671,6643.253248
2,8,0.024545,12868.64896
2,16,0.049784,26101.153792
2,32,0.058919,30890.524672
2,64,0.046428,24341.643264
2,128,0.025191,13207.339008
2,256,0.001571,823.656448
4,1,0.011788,3090.153472
4,2,0.024329,6377.701376
4,4,0.049297,12922.912768
4,8,0.060253,15794.962432
4,16,0.109048,28586.278912
4,32,0.119989,31454.396416
4,64,0.092574,24267.718656
4,128,0.047002,12321.292288
4,256,0.023183,6077.284352
8,1,0.023079,3025.010688
8,2,0.041565,5448.00768
8,4,0.09189,12044.20608
8,8,0.160946,21095.514112
8,16,0.181688,23814.209536
8,32,0.220398,28888.006656
8,64,0.158454,20768.882688
8,128,0.089832,11774.459904
8,256,0.037667,4937.089024
16,1,0.029115,1908.08064
16,2,0.053709,3519.873024
16,4,0.107933,7073.497088
16,8,0.215358,14113.701888
16,16,0.358694,23507.369984
16,32,0.363539,23824.891904
16,64,0.311367,20405.747712
16,128,0.162954,10679.353344
16,256,0.066295,4344.70912
