batch_size,worker_num,prefetch_factor,AVG_data,MIN_data,MAX_data,Median_data,p99_data,AVG_train,MIN_train,MAX_train,Median_train,p99_train,AVG_todevice,MIN_todevice,MAX_todevice,Median_todevice,p99_todevice
512,1,1,4.163019461418266,2.3248915672302246,5.081970691680908,4.2172839641571045,4.438053369522095,0.1439252718171077,0.1378188133239746,0.7319161891937256,0.13874006271362305,0.14841461181640625,0.0237803815016106,0.02373790740966797,0.0245819091796875,0.023772001266479492,0.02384328842163086
16,1,1,0.08292830224130668,0.001035451889038086,0.26090288162231445,0.07909893989562988,0.20123910903930664,0.032498775743970684,0.022130727767944336,0.4855926036834717,0.02323174476623535,0.2574111223220825,0.0008900866788976333,0.0008063316345214844,0.0011875629425048828,0.0008826255798339844,0.0010488033294677734
16,1,2,0.11276659311032762,0.0009613037109375,0.32417821884155273,0.11104822158813477,0.2534799575805664,0.030730439167396695,0.015702486038208008,0.4628157615661621,0.022228002548217773,0.2456742525100708,0.0008823591120102827,0.0007944107055664062,0.0011360645294189453,0.0008771419525146484,0.0010200738906860352
16,1,3,0.10852301821989171,0.0009405612945556641,0.3492913246154785,0.10873579978942871,0.26387667655944824,0.0321655694176169,0.016446590423583984,0.4755890369415283,0.02357172966003418,0.2511957883834839,0.0009456241832059972,0.0007941722869873047,0.004095792770385742,0.0008804798126220703,0.0026394128799438477
16,1,4,0.1057892032698089,0.0009336471557617188,0.35174012184143066,0.1070854663848877,0.26405203342437744,0.03214446703592936,0.015295982360839844,0.49759888648986816,0.02285623550415039,0.26317620277404785,0.0008899885065415327,0.0007941722869873047,0.0011682510375976562,0.0008885860443115234,0.0010474920272827148
16,2,1,0.05601912853764553,0.0009691715240478516,0.42450618743896484,0.04462885856628418,0.2910839319229126,0.031203541101193895,0.016046762466430664,0.46253538131713867,0.022449016571044922,0.24500000476837158,0.0008777777353922526,0.0008006095886230469,0.0011487007141113281,0.00087738037109375,0.0010294914245605469
16,2,2,0.0447693151586196,0.0009324550628662109,0.3698244094848633,0.038339853286743164,0.2522693872451782,0.032065882402307844,0.016453027725219727,0.4818904399871826,0.023414134979248047,0.254591703414917,0.000881807476866479,0.0007944107055664062,0.0011513233184814453,0.0008797645568847656,0.0010304450988769531
16,2,3,0.04763997769823261,0.0010309219360351562,0.43399572372436523,0.0014951229095458984,0.29467809200286865,0.032419433780744966,0.01587843894958496,0.53680419921875,0.022704601287841797,0.28158116340637207,0.0008835465300316904,0.00080108642578125,0.0011816024780273438,0.0008730888366699219,0.001067042350769043
16,2,4,0.04468286271188773,0.0010302066802978516,0.4041578769683838,0.010596990585327148,0.27816617488861084,0.03397926629758349,0.018929481506347656,0.6142711639404297,0.02210235595703125,0.3204171657562256,0.0008791848724963618,0.0008130073547363281,0.0014467239379882812,0.0008699893951416016,0.001241445541381836
16,4,1,0.01866437407100902,0.03125632977953144,0.37388042698454366,0.0009381771087646484,0.41558313369750977,0.0023851394653320312,0.24334073066711426,0.016142845153808594,0.4744720458984375,0.02265763282775879,0.2512056827545166,0.0009394019257788564,0.0007965564727783203,0.004622936248779297,0.0008702278137207031,0.002890944480895996
16,4,2,0.012148520525764017,0.03196016479940975,0.27542241252950234,0.0009756088256835938,0.3916304111480713,0.0013554096221923828,0.21417629718780518,0.015790700912475586,0.5089626312255859,0.021962642669677734,0.26993608474731445,0.0008649685803581687,0.0007960796356201172,0.00119781494140625,0.0008459091186523438,0.0011212825775146484
16,4,3,0.013018505246031518,0.03284390299927955,0.2838600445139624,0.0009446144104003906,0.42092180252075195,0.0013833045959472656,0.23152458667755127,0.01583242416381836,0.572094202041626,0.02284550666809082,0.3003183603286743,0.0008556328567804075,0.0007920265197753906,0.0011820793151855469,0.0008525848388671875,0.0010946989059448242
16,4,4,0.009381340999229281,0.03341450410730699,0.21921149064530232,0.000985860824584961,0.40946364402770996,0.001287698745727539,0.2084057331085205,0.0161435604095459,0.6392214298248291,0.021889686584472656,0.3317596912384033,0.0008512244505040786,0.0007975101470947266,0.001272439956665039,0.0008380413055419922,0.001172184944152832
16,8,1,0.010110097772934857,0.031585922428205904,0.2424715290371587,0.0009281635284423828,0.44968223571777344,0.001331329345703125,0.2257554531097412,0.0161285400390625,0.4632298946380615,0.023624897003173828,0.245428204536438,0.0008474237778607537,0.0007948875427246094,0.0011985301971435547,0.0008394718170166016,0.0010858774185180664
16,8,2,0.01123486313165403,0.03267503719703824,0.2558617315811299,0.000934600830078125,0.5072555541992188,0.0013179779052734375,0.25466346740722656,0.01617741584777832,0.5718593597412109,0.022507190704345703,0.2983851432800293,0.0008444739323036343,0.0007956027984619141,0.0012066364288330078,0.0008361339569091797,0.0010564327239990234
16,8,3,0.01090387269562366,0.03405593423282399,0.2425249003621587,0.0009593963623046875,0.491455078125,0.001313924789428711,0.2466278076171875,0.016615629196166992,0.6095075607299805,0.02303910255432129,0.31835973262786865,0.0008441747403612323,0.000797271728515625,0.0011844635009765625,0.0008380413055419922,0.0010491609573364258
16,8,4,0.010862551483453489,0.03380526748358035,0.24318517748695925,0.0009200572967529297,0.4871792793273926,0.0013260841369628906,0.24585914611816406,0.015815019607543945,0.6557071208953857,0.02226114273071289,0.3416484594345093,0.0008433659871419271,0.0007920265197753906,0.0012438297271728516,0.0008375644683837891,0.001106858253479004
16,16,1,0.0129091552659577,0.03157767595029345,0.2901792488479592,0.0009260177612304688,0.5945994853973389,0.0013282299041748047,0.29813289642333984,0.011612176895141602,0.571826696395874,0.021892786026000977,0.2993577718734741,0.0008458109462962431,0.0007808208465576172,0.0011899471282958984,0.0008382797241210938,0.0010834932327270508
16,16,2,0.012396078483731138,0.03681675125570858,0.25188713084297165,0.0009391307830810547,0.5648713111877441,0.0013241767883300781,0.28353118896484375,0.016388654708862305,0.743668794631958,0.022752761840820312,0.38696765899658203,0.0008701062669941023,0.000797271728515625,0.0014181137084960938,0.0008478164672851562,0.0012545585632324219
16,16,3,0.015349925733080097,0.03685732448802275,0.294019042720535,0.000926971435546875,0.7190208435058594,0.0013082027435302734,0.3602989912033081,0.01593017578125,0.8079771995544434,0.021534442901611328,0.4179253578186035,0.0008504156972847733,0.0007915496826171875,0.001271963119506836,0.0008378028869628906,0.0012710094451904297
16,16,4,0.01152790761461445,0.043131290697583965,0.21090517187555863,0.0010304450988769531,0.5195317268371582,0.0013456344604492188,0.26085329055786133,0.019939899444580078,1.0308241844177246,0.022233009338378906,0.5404373407363892,0.0008605554992077398,0.0008177757263183594,0.0014009475708007812,0.0008423328399658203,0.0012122392654418945
16,32,1,0.014725399952308805,0.03845846886728324,0.2768771862434388,0.0009453296661376953,0.6819553375244141,0.0013451576232910156,0.342418909072876,0.015899181365966797,0.8575959205627441,0.021500349044799805,0.4445430040359497,0.0008878754634483188,0.0007967948913574219,0.002294778823852539,0.0008363723754882812,0.0017908811569213867
16,32,2,0.016233196445539885,0.04358608582440544,0.2713706321698186,0.0010123252868652344,0.7590699195861816,0.0013713836669921875,0.3804659843444824,0.01965951919555664,0.9726860523223877,0.02259230613708496,0.5190069675445557,0.0008608266419055415,0.0008103847503662109,0.0014252662658691406,0.0008432865142822266,0.0012063980102539062
16,32,3,0.01598850418539608,0.05010300056607116,0.2419146643054928,0.0009832382202148438,0.7448701858520508,0.001386880874633789,0.3733806610107422,0.018852949142456055,0.9897751808166504,0.024608373641967773,0.5282629728317261,0.0008737620185403263,0.0008084774017333984,0.0013318061828613281,0.0008478164672851562,0.0011862516403198242
16,32,4,0.01609235183865416,0.05388528692956064,0.2299642017353066,0.0011057853698730469,0.7311246395111084,0.0015420913696289062,0.36989259719848633,0.020191192626953125,0.9322271347045898,0.04065871238708496,0.4975411891937256,0.0008721632115981158,0.0008304119110107422,0.0012340545654296875,0.0008592605590820312,0.0011720657348632812
32,1,1,0.25136369817397175,0.03279419038809982,0.8845916593973556,0.0017769336700439453,0.518547773361206,0.25086355209350586,0.4318455457687378,0.02201700210571289,0.48540210723876953,0.02371072769165039,0.2601304054260254,0.001641694237204159,0.0015423297882080078,0.002387523651123047,0.0016291141510009766,0.0020183324813842773
32,1,2,0.21048390164094813,0.03231423041399788,0.8669090649894907,0.0020503997802734375,0.48982667922973633,0.21108126640319824,0.3876986503601074,0.0188906192779541,0.5175023078918457,0.02193307876586914,0.2777644395828247,0.0016396793664670457,0.0015904903411865234,0.002398967742919922,0.0016217231750488281,0.002026677131652832
32,1,3,0.21475536215539073,0.03238532589931114,0.8689599589844024,0.00176239013671875,0.5181794166564941,0.21765995025634766,0.3925185203552246,0.020926952362060547,0.5083708763122559,0.022710800170898438,0.2721376419067383,0.0016451302696676815,0.0015575885772705078,0.002373933792114258,0.0016269683837890625,0.0020177364349365234
32,1,4,0.22247988102482816,0.03270494236665614,0.8718382154079641,0.0017292499542236328,0.4895634651184082,0.2251133918762207,0.3839975595474243,0.02003955841064453,0.5254364013671875,0.02292037010192871,0.28028225898742676,0.001714327756096335,0.001535654067993164,0.005388975143432617,0.0016252994537353516,0.00389707088470459
32,2,1,0.11493664161831725,0.03212315895978142,0.7815639703474108,0.0016644001007080078,0.5407428741455078,0.08756065368652344,0.3893437385559082,0.01984858512878418,0.49870824813842773,0.022966623306274414,0.266537070274353,0.0016387490665211396,0.001519918441772461,0.003114461898803711,0.0016224384307861328,0.0023823976516723633
32,2,2,0.09191417694091797,0.03312166999368107,0.7351026061269804,0.0016169548034667969,0.5179870128631592,0.013923883438110352,0.3648413419723511,0.02017045021057129,0.5633409023284912,0.022536039352416992,0.2987396717071533,0.0016121490328919654,0.0015108585357666016,0.002489805221557617,0.0016200542449951172,0.0020742416381835938
32,2,3,0.09256785991145115,0.03305195359622731,0.7368890091991178,0.0016028881072998047,0.535698413848877,0.08208656311035156,0.35951340198516846,0.01986527442932129,0.5796091556549072,0.02172064781188965,0.30705106258392334,0.0016561676474178538,0.0015113353729248047,0.003675699234008789,0.0016283988952636719,0.0026656389236450195
32,2,4,0.09860916698680204,0.03223472950505275,0.7536397923837479,0.0016112327575683594,0.5438094139099121,0.0020720958709716797,0.4116014242172241,0.019005298614501953,0.5750539302825928,0.020732402801513672,0.3047384023666382,0.0016119947620466643,0.0015120506286621094,0.0024590492248535156,0.0015976428985595703,0.0020598173141479492
32,4,1,0.04646757537243413,0.03172781888176413,0.5942495183460158,0.0016477108001708984,0.5286755561828613,0.00820302963256836,0.3453274965286255,0.019531726837158203,0.5254256725311279,0.021512269973754883,0.2799941301345825,0.0016008451873180912,0.0015194416046142578,0.0024302005767822266,0.0015769004821777344,0.002034783363342285
32,4,2,0.036182347465963924,0.03222428116143918,0.5289304295792995,0.0015969276428222656,0.5253875255584717,0.0021173954010009766,0.3180394172668457,0.019000530242919922,0.5853018760681152,0.0207979679107666,0.30995452404022217,0.0015750913059010224,0.0015103816986083984,0.0020906925201416016,0.0015671253204345703,0.0018618106842041016
32,4,3,0.03212820782380946,0.034307456484027936,0.48359880432503327,0.0016202926635742188,0.5873153209686279,0.0019605159759521484,0.3486126661300659,0.019118547439575195,0.6726179122924805,0.020765304565429688,0.3552659749984741,0.0015830292421228746,0.0015125274658203125,0.0024864673614501953,0.0015597343444824219,0.0020869970321655273
32,4,4,0.026311841665529738,0.03414616397782868,0.43520856147229214,0.0016169548034667969,0.5457887649536133,0.0018455982208251953,0.3477247953414917,0.01957535743713379,0.6760373115539551,0.020529985427856445,0.35538673400878906,0.0015697198755600873,0.0015113353729248047,0.002421855926513672,0.0015413761138916016,0.0020276308059692383
32,8,1,0.013794838213453106,0.0323338274862252,0.2990513166642344,0.0016410350799560547,0.5776164531707764,0.0017745494842529297,0.2984654903411865,0.019239425659179688,0.6047458648681641,0.020693302154541016,0.3197364807128906,0.0015685137580422795,0.0015146732330322266,0.002526998519897461,0.0015401840209960938,0.0021181106567382812
32,8,2,0.015273182999853994,0.03466897852280561,0.3058174202757382,0.0016109943389892578,0.6914174556732178,0.001718759536743164,0.346698522567749,0.01624774932861328,0.690943717956543,0.020980119705200195,0.3628091812133789,0.001550566916372262,0.001516103744506836,0.002497434616088867,0.0015294551849365234,0.0020314455032348633
32,8,3,0.015653413884779987,0.03667499037349925,0.2991379941096398,0.0016024112701416016,0.7079005241394043,0.0017566680908203125,0.3552515506744385,0.020023107528686523,0.8048701286315918,0.020853042602539062,0.41953158378601074,0.0015632965985466452,0.0015139579772949219,0.0025026798248291016,0.0015377998352050781,0.0021119117736816406
32,8,4,0.013398974549536612,0.04354719554676729,0.23529193494272013,0.0016436576843261719,0.5912671089172363,0.0017812252044677734,0.29681289196014404,0.01717066764831543,1.1624071598052979,0.02080678939819336,0.5983827114105225,0.0015675647585999732,0.0015218257904052734,0.0025675296783447266,0.0015399456024169922,0.002087712287902832
32,16,1,0.02117468329036937,0.031967602524102905,0.3984526251710997,0.001603841781616211,0.9875690937042236,0.0017964839935302734,0.4953697919845581,0.019124984741210938,0.5410857200622559,0.021259307861328125,0.2879105806350708,0.0015686680288875803,0.001514434814453125,0.002746105194091797,0.0015418529510498047,0.002193927764892578
32,16,2,0.01662439925997865,0.04111116072710823,0.2879403830792818,0.0016205310821533203,0.7582950592041016,0.0017497539520263672,0.38026154041290283,0.015021324157714844,1.0329196453094482,0.02095818519592285,0.5337551832199097,0.0015642222236184513,0.001512765884399414,0.002823352813720703,0.0015354156494140625,0.0022640228271484375
32,16,3,0.01744678908703374,0.04753334849488502,0.26849418508908246,0.0016255378723144531,0.7971780300140381,0.0018188953399658203,0.3997999429702759,0.019054174423217773,1.338890790939331,0.020719051361083984,0.7003158330917358,0.001559598773133521,0.0015137195587158203,0.0023059844970703125,0.0015401840209960938,0.00196230411529541
32,16,4,0.019771019617716473,0.04973467191060384,0.28445180794526315,0.0016548633575439453,0.9148242473602295,0.0018329620361328125,0.45866501331329346,0.01818680763244629,1.3418848514556885,0.02160811424255371,0.7034215927124023,0.0015729969623042089,0.0015206336975097656,0.002614259719848633,0.0015482902526855469,0.002124190330505371
32,32,1,0.022317217845542758,0.03990929266985725,0.3586448550737812,0.0016100406646728516,1.0477259159088135,0.0017440319061279297,0.5249639749526978,0.015286922454833984,0.9591524600982666,0.02066826820373535,0.4966886043548584,0.001565236671298158,0.001514434814453125,0.002583742141723633,0.0015411376953125,0.0020962953567504883
32,32,2,0.01918609002057244,0.05379674481410606,0.26288496554063673,0.0016405582427978516,0.8827953338623047,0.0017440319061279297,0.4428675174713135,0.01782846450805664,1.4044573307037354,0.021162986755371094,0.7346506118774414,0.0015761431525735295,0.0015172958374023438,0.0026357173919677734,0.0015385150909423828,0.002167224884033203
32,32,3,0.026022906396903245,0.049958350611668007,0.3424911276996598,0.001638650894165039,1.2310497760772705,0.0018036365509033203,0.6168986558914185,0.012806415557861328,1.3864240646362305,0.015426874160766602,0.7307765483856201,0.0031220492194680605,0.0015172958374023438,0.08129477500915527,0.0015401840209960938,0.04150354862213135
32,32,4,0.020923408807492723,0.06502554930892646,0.24343993535269673,0.0016257762908935547,0.9607772827148438,0.002132415771484375,0.4817991256713867,0.019899368286132812,1.5245978832244873,0.036136627197265625,0.7996498346328735,0.001605538760914522,0.001512765884399414,0.002984285354614258,0.0015747547149658203,0.002353191375732422
64,1,1,0.4930709623822979,0.03877401351928711,0.9270952715994781,0.17304635047912598,0.8173098564147949,0.489901065826416,0.708491325378418,0.029402732849121094,0.4420351982116699,0.029994487762451172,0.2529095411300659,0.0031221988154392618,0.003068208694458008,0.0038361549377441406,0.00311279296875,0.0034807920455932617
64,1,2,0.4698905944824219,0.03885486079197304,0.9236261269970137,0.08327198028564453,0.8552796840667725,0.46600842475891113,0.6987060308456421,0.02942681312561035,0.4449028968811035,0.02999281883239746,0.254469633102417,0.0031254712273092833,0.0030612945556640625,0.003866910934448242,0.003113269805908203,0.003499627113342285
64,1,3,0.4632929353153004,0.038928588231404625,0.9224872164846906,0.06941056251525879,0.8083276748657227,0.4652535915374756,0.6635299921035767,0.02943873405456543,0.45713138580322266,0.029845476150512695,0.2602846622467041,0.0031278039894851984,0.0030660629272460938,0.003913402557373047,0.0031108856201171875,0.0035284757614135742
64,1,4,0.4654719502318139,0.03782933366064932,0.9248375975358489,0.08573412895202637,0.7937793731689453,0.465543270111084,0.6649163961410522,0.025564193725585938,0.43123579025268555,0.03060436248779297,0.24751412868499756,0.003188451131184896,0.0030639171600341797,0.0048902034759521484,0.0031096935272216797,0.004735708236694336
64,2,1,0.22533677138534247,0.03789701648786956,0.8560328565946751,0.003111124038696289,0.7365131378173828,0.07530689239501953,0.6037440299987793,0.023319482803344727,0.4766418933868408,0.02852487564086914,0.2694903612136841,0.003077418196435068,0.002990245819091797,0.003938198089599609,0.0030927658081054688,0.0035338401794433594
64,2,2,0.201201784844492,0.039417178023095224,0.8361842410367859,0.0031037330627441406,0.824371337890625,0.11914467811584473,0.624356746673584,0.02746105194091797,0.525676965713501,0.02886223793029785,0.29493463039398193,0.0031138915641635073,0.0029878616333007812,0.003884553909301758,0.0031042098999023438,0.0035074949264526367
64,2,3,0.20835664693047018,0.039009935715619254,0.8422990878625215,0.003092050552368164,0.8316755294799805,0.0038552284240722656,0.6432557106018066,0.027287721633911133,0.5282618999481201,0.028789997100830078,0.29595208168029785,0.0030721122143315335,0.0029861927032470703,0.0038976669311523438,0.0030853748321533203,0.0035445690155029297
64,2,4,0.2116233461043414,0.03886696871589212,0.8448364411063745,0.0030786991119384766,0.8227982521057129,0.0038132667541503906,0.6553263664245605,0.027254104614257812,0.5283849239349365,0.028711795806884766,0.2960541248321533,0.0030715372048172296,0.0029888153076171875,0.0039064884185791016,0.003085613250732422,0.0035212039947509766
64,4,1,0.08957931574653177,0.039905431223850624,0.6918136525147757,0.003103017807006836,0.8551106452941895,0.02959465980529785,0.584126353263855,0.028123855590820312,0.5369410514831543,0.029287099838256836,0.3002814054489136,0.0030983382580327054,0.00299072265625,0.004271984100341797,0.00305938720703125,0.004086613655090332
64,4,2,0.07223229782254088,0.04173454583859911,0.6338009854630238,0.003111600875854492,0.9000449180603027,0.003557443618774414,0.572962760925293,0.02731156349182129,0.6668281555175781,0.028787612915039062,0.36491119861602783,0.003063664716832778,0.0029892921447753906,0.003979921340942383,0.0030252933502197266,0.0035560131072998047
64,4,3,0.07261883043775372,0.040573564230227004,0.6415522054353688,0.0030858516693115234,0.9241201877593994,0.0031571388244628906,0.6083457469940186,0.02723979949951172,0.637042760848999,0.027674436569213867,0.3501276969909668,0.003039289923275218,0.0029861927032470703,0.003987550735473633,0.003000020980834961,0.0035533905029296875
64,4,4,0.06806477845883836,0.040684017480588426,0.6258899500528771,0.0030961036682128906,0.8933298587799072,0.003168821334838867,0.5756274461746216,0.02733302116394043,0.6330249309539795,0.027767181396484375,0.3477447032928467,0.0030427960788502414,0.002986907958984375,0.0036325454711914062,0.0030024051666259766,0.00350034236907959
64,8,1,0.027387815363266888,0.03982170890359318,0.4074990213369413,0.003088235855102539,1.020472526550293,0.0032312870025634766,0.5420088768005371,0.0277097225189209,0.5339202880859375,0.02919769287109375,0.2985343933105469,0.003035755718455595,0.002989053726196289,0.00403285026550293,0.003010272979736328,0.003566741943359375
64,8,2,0.020803236493877338,0.050689987107819204,0.29098193431277414,0.003098726272583008,0.8978431224822998,0.003217458724975586,0.4507242441177368,0.02304697036743164,1.0720031261444092,0.0299985408782959,0.5674692392349243,0.0030310434453627642,0.002994060516357422,0.0040874481201171875,0.0030083656311035156,0.003576040267944336
64,8,3,0.020010695737950942,0.05537617440317191,0.26544006536537834,0.003116130828857422,0.8585608005523682,0.003193378448486328,0.43098974227905273,0.027588367462158203,1.3766181468963623,0.028146028518676758,0.7182884216308594,0.0030278972550934436,0.0029897689819335938,0.00392460823059082,0.0030057430267333984,0.0035049915313720703
64,8,4,0.022923072179158527,0.055106401443481445,0.29377453306961027,0.003126382827758789,1.0035367012023926,0.003291606903076172,0.5035959482192993,0.024557113647460938,1.2153937816619873,0.03023386001586914,0.6601917743682861,0.0030367234173943013,0.0029993057250976562,0.003960371017456055,0.0030117034912109375,0.003558039665222168
64,16,1,0.02322534953846651,0.04915168238621132,0.32089392063820654,0.0030989646911621094,1.0153040885925293,0.003355741500854492,0.5097929239273071,0.028194904327392578,0.9680843353271484,0.029951095581054688,0.515589714050293,0.0030516876893884994,0.0029888153076171875,0.004163503646850586,0.0030298233032226562,0.003632068634033203
64,16,2,0.034511257620418775,0.05138491181766286,0.401778773677402,0.003099203109741211,1.5942223072052002,0.003266572952270508,0.7991937398910522,0.02796649932861328,1.1195652484893799,0.02903127670288086,0.5909686088562012,0.00304411906822055,0.0029914379119873047,0.004081010818481445,0.0030231475830078125,0.0036039352416992188
64,16,3,0.020716237086875765,0.0661621794981115,0.23845090531329463,0.0031273365020751953,0.8880181312561035,0.003298521041870117,0.44599449634552,0.024666309356689453,1.6082184314727783,0.030599594116210938,0.8624045848846436,0.0030497335920146866,0.0029959678649902344,0.004265785217285156,0.003016948699951172,0.003682374954223633
64,16,4,0.028728326161702473,0.06350064745136336,0.3114891669751013,0.003118753433227539,1.2989778518676758,0.003291606903076172,0.6514065265655518,0.02228999137878418,1.558835744857788,0.028389930725097656,0.8182936906814575,0.003048415277518478,0.0029942989349365234,0.004136800765991211,0.0030150413513183594,0.003642559051513672
64,32,1,0.030167102813720703,0.059852913314220955,0.33511550109972726,0.003151416778564453,1.3727445602416992,0.003236532211303711,0.6883814334869385,0.027859926223754883,1.5447676181793213,0.028601884841918945,0.8079371452331543,0.003043371088364545,0.0029964447021484375,0.004098176956176758,0.0030121803283691406,0.003612518310546875
64,32,2,0.02797546106226304,0.07179804876738903,0.28038966565400814,0.003154277801513672,1.2604010105133057,0.003302335739135742,0.6321063041687012,0.023342370986938477,1.725677728652954,0.031664133071899414,0.9212245941162109,0.00305936850753485,0.0029981136322021484,0.004699230194091797,0.0030205249786376953,0.003929734230041504
64,32,3,0.03114935931037454,0.06807240317849551,0.3139367667840877,0.003098011016845703,1.4153077602386475,0.003370523452758789,0.7098686695098877,0.027640819549560547,1.3236572742462158,0.051085472106933594,0.6989197731018066,0.0030602333592433554,0.0029871463775634766,0.004191160202026367,0.0030350685119628906,0.0036668777465820312
64,32,4,0.059114788092818914,0.07335517920699774,0.44625049207587997,0.003164529800415039,2.8447861671447754,0.003286600112915039,1.4253365993499756,0.02711176872253418,1.4770147800445557,0.050878286361694336,0.7757750749588013,0.0030869923385919307,0.0029976367950439453,0.005406856536865234,0.003017425537109375,0.004622220993041992
128,1,1,1.0207934239331413,0.054337015338972505,0.9494600716767354,0.8089621067047119,1.4463858604431152,1.018479347229004,1.3008590936660767,0.0393984317779541,0.47370433807373047,0.04436087608337402,0.2932016849517822,0.006072848450903799,0.006046295166015625,0.006796121597290039,0.006056785583496094,0.006437182426452637
128,1,2,0.9483334737665513,0.05193477518418256,0.9480791525286727,0.7313683032989502,1.4320344924926758,0.9325501918792725,1.2353435754776,0.04138541221618652,0.44400691986083984,0.04252338409423828,0.27868056297302246,0.006148062500299192,0.006036281585693359,0.008593320846557617,0.0060558319091796875,0.008338212966918945
128,1,3,1.0208457123999501,0.054296016693115234,0.9494987356328206,0.7905426025390625,1.5385358333587646,1.0132348537445068,1.316143274307251,0.044348955154418945,0.4661824703216553,0.044584035873413086,0.2895979881286621,0.006110336266311945,0.006084442138671875,0.006864309310913086,0.006090402603149414,0.006507992744445801
128,1,4,0.976094643274943,0.05399332327001235,0.9475837743730637,0.735069990158081,1.4155864715576172,0.9736137390136719,1.2266875505447388,0.044183969497680664,0.4595627784729004,0.044466257095336914,0.28606855869293213,0.006071095373116287,0.0060122013092041016,0.006830692291259766,0.0060541629791259766,0.0064591169357299805
128,2,1,0.4661431499555999,0.05536582423191445,0.893835337506566,0.006171703338623047,1.4320707321166992,0.4612295627593994,1.0275623798370361,0.04425501823425293,0.5199651718139648,0.04453253746032715,0.31604063510894775,0.006077200758690927,0.005955219268798828,0.006872653961181641,0.006058692932128906,0.0064955949783325195
128,2,2,0.42923200831693764,0.05547609983706007,0.885547406977903,0.006055593490600586,1.4192836284637451,0.5597214698791504,1.1448519229888916,0.043810367584228516,0.5384068489074707,0.0444035530090332,0.32826876640319824,0.006024524277331782,0.005936861038208008,0.006986141204833984,0.006041765213012695,0.006611227989196777
128,2,3,0.42970553566427794,0.05509367643618116,0.8863577434511903,0.0060732364654541016,1.4659216403961182,0.3974301815032959,1.221943974494934,0.04348158836364746,0.5276041030883789,0.04415535926818848,0.3227797746658325,0.0060224579829795686,0.005939483642578125,0.006850719451904297,0.00603938102722168,0.0065021514892578125
128,2,4,0.4309229570276597,0.05333707379359825,0.8898586081879527,0.006058454513549805,1.5112237930297852,0.44195985794067383,1.2035166025161743,0.03846025466918945,0.4656331539154053,0.04439234733581543,0.29038548469543457,0.006049525504018746,0.005939960479736328,0.0073125362396240234,0.00604701042175293,0.00708615779876709
128,4,1,0.1843569185219559,0.055686427097694544,0.7680151184614387,0.0061359405517578125,1.5959980487823486,0.061532020568847656,1.0630412101745605,0.038038015365600586,0.5194203853607178,0.04509568214416504,0.3191077709197998,0.006035168965657552,0.005951642990112305,0.0069277286529541016,0.006043672561645508,0.006508946418762207
128,4,2,0.16194725971595914,0.055858429740456975,0.7435400797845803,0.006094694137573242,1.6844971179962158,0.006181478500366211,1.1853063106536865,0.044295310974121094,0.5288105010986328,0.04489421844482422,0.32063937187194824,0.0060585620356541055,0.005944728851318359,0.008748769760131836,0.005957365036010742,0.007853865623474121
128,4,3,0.15786578608494178,0.05559986245398428,0.7395371909506766,0.006093740463256836,1.6199729442596436,0.0062062740325927734,1.120700716972351,0.04386448860168457,0.5292305946350098,0.04443764686584473,0.3218395709991455,0.0060167686611998315,0.0059452056884765625,0.007105350494384766,0.005964756011962891,0.006620168685913086
128,4,4,0.1589215362773222,0.056044606601490694,0.7392863552792784,0.006077766418457031,1.6051969528198242,0.006133556365966797,1.106205701828003,0.04236578941345215,0.5165927410125732,0.04605460166931152,0.3173987865447998,0.00599373555650898,0.005942344665527344,0.00688624382019043,0.00595545768737793,0.006474852561950684
128,8,1,0.0637954824111041,0.05559270054686303,0.5343534077703863,0.006097316741943359,2.0707132816314697,0.006407022476196289,1.1747993230819702,0.039044857025146484,0.45171189308166504,0.04646778106689453,0.2851907014846802,0.006033242917528339,0.005950212478637695,0.0073544979095458984,0.005972623825073242,0.007126808166503906
128,8,2,0.04284113996169146,0.0673979123433431,0.3886203579031941,0.00612640380859375,1.870615005493164,0.006217002868652344,0.938709020614624,0.03875231742858887,1.0697736740112305,0.04466986656188965,0.6271116733551025,0.005989986307480756,0.005953550338745117,0.007047891616821289,0.005964994430541992,0.0065441131591796875
128,8,3,0.038356935276704675,0.06604292813469381,0.3674040752865279,0.006117820739746094,1.6395809650421143,0.006199359893798828,0.8246387243270874,0.04102611541748047,0.8734581470489502,0.04503369331359863,0.5288543701171875,0.0060422607496672985,0.005951881408691406,0.008949041366577148,0.0059621334075927734,0.00793766975402832
128,8,4,0.03514031802906709,0.07208447830349791,0.3277256682314136,0.0061495304107666016,1.4776885509490967,0.006250143051147461,0.7424088716506958,0.04411888122558594,1.2936656475067139,0.04469490051269531,0.738440990447998,0.005994114221311083,0.005954265594482422,0.007123470306396484,0.005966663360595703,0.0065915584564208984
128,16,1,0.0353545534844492,0.07663823109047085,0.3156859936882629,0.006062507629394531,1.4869964122772217,0.006279945373535156,0.7469276189804077,0.03958010673522949,1.5458314418792725,0.04642963409423828,0.8304640054702759,0.005997966317569508,0.005945444107055664,0.007049083709716797,0.005974769592285156,0.006559014320373535
128,16,2,0.04947278546352012,0.07824191860124177,0.38736953450898914,0.006137371063232422,2.2054808139801025,0.006314277648925781,1.1061680316925049,0.038434743881225586,1.5263571739196777,0.046317100524902344,0.8328328132629395,0.006006642883899165,0.005955696105957031,0.00722813606262207,0.005982875823974609,0.00663304328918457
128,16,3,0.03444945110994227,0.08590888977050781,0.2862240444487377,0.00614166259765625,1.4398560523986816,0.006285190582275391,0.7234493494033813,0.03944110870361328,1.7851946353912354,0.04500532150268555,0.948870062828064,0.005999350080303117,0.005953550338745117,0.0070645809173583984,0.005972862243652344,0.0065621137619018555
128,16,4,0.05879083334230909,0.08859009368746888,0.3989039458981727,0.006155252456665039,2.6747498512268066,0.0063550472259521484,1.3411425352096558,0.03814125061035156,1.763148307800293,0.04540538787841797,0.9723602533340454,0.006009358985751283,0.00595402717590332,0.007147550582885742,0.005978584289550781,0.0065926313400268555
128,32,1,0.06081280521318024,0.08096425206053491,0.4289326240971054,0.006157636642456055,2.7846689224243164,0.006300926208496094,1.3957704305648804,0.04266214370727539,1.716193437576294,0.04482603073120117,0.9540767669677734,0.0059980083914364084,0.005953073501586914,0.007109403610229492,0.005973100662231445,0.0065877437591552734
128,32,2,0.06791126494314156,0.08739931443158318,0.43726103666955635,0.006120443344116211,3.1446115970611572,0.006356716156005859,1.576006293296814,0.04421877861022949,1.5946235656738281,0.04543256759643555,0.8938109874725342,0.007174094518025716,0.005947589874267578,0.06677913665771484,0.005975008010864258,0.03642559051513672
128,32,3,0.0759888910779766,0.09412847780713848,0.4466850832221252,0.006123781204223633,3.5576248168945312,0.006283998489379883,1.7823302745819092,0.044126272201538086,1.549436330795288,0.047135353088378906,0.8538872003555298,0.006006577435661764,0.005949735641479492,0.007227420806884766,0.005975008010864258,0.006663203239440918
128,32,4,0.06831272910622989,0.09228718982023351,0.42535967367150035,0.00612640380859375,2.0391182899475098,0.00632166862487793,1.464447259902954,0.04407501220703125,1.5249602794647217,0.04693269729614258,0.8535003662109375,0.006005132899564856,0.005945920944213867,0.007048845291137695,0.005975484848022461,0.006627559661865234
256,1,1,2.044629092309989,0.08800928265440698,0.9587322052873234,1.9183390140533447,2.7166054248809814,2.038933753967285,2.444689154624939,0.0759589672088623,0.5298850536346436,0.076263427734375,0.3727608919143677,0.011991524228862687,0.01194310188293457,0.013065814971923828,0.011950254440307617,0.012925267219543457
256,1,2,1.9397622557247387,0.08825023034039665,0.9564843752458227,1.654233455657959,2.638949394226074,1.9275012016296387,2.3896050453186035,0.07215380668640137,0.548973798751831,0.07607150077819824,0.38245487213134766,0.01197206740285836,0.011942625045776367,0.012699127197265625,0.011953592300415039,0.01234889030456543
256,1,3,1.9572637314889945,0.08785392723831476,0.9570421159567968,1.5705764293670654,2.5124597549438477,1.9593608379364014,2.294477701187134,0.0738990306854248,0.5475113391876221,0.07580947875976562,0.38154053688049316,0.011965041067086015,0.011880159378051758,0.012793540954589844,0.011956214904785156,0.012402772903442383
256,1,4,1.9691476260914522,0.0872031473645977,0.9575932528193923,1.6898207664489746,2.593536376953125,1.956437349319458,2.3356597423553467,0.07527709007263184,0.5242571830749512,0.0755915641784668,0.3697761297225952,0.011966738046384325,0.011936187744140625,0.012690544128417969,0.011954069137573242,0.012329459190368652
256,2,1,0.9336289190778545,0.09013719652213302,0.9119552843675557,0.012085914611816406,2.7043895721435547,1.0261952877044678,2.101377248764038,0.07542610168457031,0.6608562469482422,0.07580065727233887,0.4380626678466797,0.011985012129241345,0.011850357055664062,0.012929439544677734,0.011952877044677734,0.012830018997192383
256,2,2,0.8860409774032294,0.08999327117321539,0.9077970150079554,0.012047767639160156,2.682624101638794,1.3320322036743164,2.274485230445862,0.07494378089904785,0.6563756465911865,0.07578015327453613,0.4367479085922241,0.011925589804555856,0.011849641799926758,0.01280069351196289,0.011926412582397461,0.012389540672302246
256,2,3,0.8648837687922459,0.09047852310479856,0.9052940189578373,0.012027740478515625,2.562140941619873,1.1180899143218994,2.2068910598754883,0.07080268859863281,0.6525793075561523,0.07610702514648438,0.43382787704467773,0.011923612332811542,0.011849164962768555,0.012759685516357422,0.011936664581298828,0.012364625930786133
256,2,4,0.8857238619935279,0.08501743335349887,0.9124200919843363,0.012035131454467773,2.868673801422119,1.299619436264038,2.330306649208069,0.06819319725036621,0.5512685775756836,0.070709228515625,0.3839902877807617,0.01193083501329609,0.011848211288452148,0.01280975341796875,0.011935949325561523,0.012404918670654297
256,4,1,0.38095445258944644,0.09138340108534869,0.806529583910363,0.012077093124389648,2.9983632564544678,0.061945438385009766,2.038884162902832,0.07584619522094727,0.6693322658538818,0.0767049789428711,0.4425700902938843,0.011949768253401214,0.01185464859008789,0.012814998626708984,0.01193547248840332,0.012456655502319336
256,4,2,0.3341839547250785,0.09317881920758415,0.7819678622212756,0.01208043098449707,2.751173257827759,0.012410163879394531,2.084165334701538,0.07509040832519531,0.8101406097412109,0.07575368881225586,0.5156968832015991,0.01191560427347819,0.011859655380249023,0.012797117233276367,0.011878252029418945,0.01239931583404541
256,4,3,0.3410160448036942,0.09305547732932895,0.7856217867690207,0.012040853500366211,2.858752727508545,0.012203216552734375,2.1180622577667236,0.07540035247802734,0.7831463813781738,0.07633113861083984,0.499458909034729,0.011918016508513806,0.011850118637084961,0.012850522994995117,0.011872529983520508,0.012441158294677734
256,4,4,0.32977908732844335,0.09523876508076985,0.7759182007510766,0.01208806037902832,2.637648582458496,0.01231241226196289,2.1201714277267456,0.07521843910217285,0.9293172359466553,0.07553362846374512,0.5733373165130615,0.011910354389863856,0.011864662170410156,0.01276254653930664,0.011872291564941406,0.012376546859741211
256,8,1,0.1031339869779699,0.10586956435558843,0.49345566771434257,0.012091398239135742,2.6478707790374756,0.012289047241210938,1.524088978767395,0.07550883293151855,1.4119064807891846,0.07683825492858887,0.8142852783203125,0.011909129572849647,0.01184988021850586,0.012696504592895508,0.011879682540893555,0.012362837791442871
256,8,2,0.07997643246370204,0.09478242724549536,0.4576387863641625,0.012108325958251953,3.4618375301361084,0.012300729751586914,1.7374038696289062,0.07516717910766602,0.8164372444152832,0.07560586929321289,0.5173242092132568,0.011893464069740445,0.01184988021850586,0.012955904006958008,0.011862754821777344,0.012462973594665527
256,8,3,0.07791609390109193,0.09572878070906096,0.4487094368665935,0.012081146240234375,3.3534903526306152,0.012374639511108398,1.6833690404891968,0.07455754280090332,0.9340519905090332,0.07619261741638184,0.5747343301773071,0.011928843516929476,0.011853694915771484,0.013032913208007812,0.011888742446899414,0.012964487075805664
256,8,4,0.08961098801855948,0.09395628816941205,0.4881642843945589,0.01207876205444336,3.953683614730835,0.012314319610595703,1.9833629131317139,0.07151389122009277,0.6958174705505371,0.07633090019226074,0.5167804956436157,0.0119171236075607,0.011851787567138672,0.013060331344604492,0.011878728866577148,0.012839436531066895
256,16,1,0.0882858341815425,0.11100157569436465,0.4430075850577644,0.012109756469726562,3.883157253265381,0.012328624725341797,1.948073387145996,0.07329607009887695,1.6863024234771729,0.07618451118469238,0.9515037536621094,0.011927562601426068,0.011861801147460938,0.013084650039672852,0.011900901794433594,0.012601256370544434
256,16,2,0.07298486840491201,0.11744206091936897,0.38326968073210355,0.012122631072998047,3.1042256355285645,0.012305021286010742,1.558513879776001,0.07526659965515137,1.9094817638397217,0.07596015930175781,1.1281598806381226,0.011917563045726103,0.011853694915771484,0.012993812561035156,0.01189112663269043,0.012495994567871094
256,16,3,0.06032746913386326,0.11860500597486309,0.33715215249331315,0.012135505676269531,2.4534196853637695,0.012447118759155273,1.2332780361175537,0.0754079818725586,1.8733856678009033,0.07609295845031738,1.1107161045074463,0.011920377319934321,0.011850357055664062,0.012964248657226562,0.011901140213012695,0.012469172477722168
256,16,4,0.08473461282019522,0.12906431684307024,0.3963285174236032,0.012041568756103516,3.63362193107605,0.01240086555480957,1.8556528091430664,0.07589435577392578,1.9899113178253174,0.07693648338317871,1.1511452198028564,0.011913009718352673,0.011850833892822266,0.013083219528198242,0.0118865966796875,0.012531399726867676
256,32,1,0.1323102782754337,0.11014228241116393,0.5457161512369524,0.012072324752807617,6.1322784423828125,0.01228022575378418,3.072559952735901,0.07538533210754395,1.5577013492584229,0.07588982582092285,0.9469521045684814,0.013353427251180014,0.011847972869873047,0.0869133472442627,0.011882543563842773,0.049431443214416504
256,32,2,0.14077679783690208,0.12435731233335008,0.5309644909382056,0.011987924575805664,4.226693630218506,0.012249469757080078,2.7810717821121216,0.07086968421936035,2.1386640071868896,0.0760350227355957,1.2170311212539673,0.01191562764784869,0.011834383010864258,0.01307821273803711,0.011886119842529297,0.012552857398986816
256,32,3,0.1457684227064544,0.14918243651296578,0.49421257185765366,0.012012243270874023,6.028355121612549,0.012275218963623047,3.4125285148620605,0.07523059844970703,2.157944440841675,0.07683038711547852,1.2497738599777222,0.011912060718910367,0.011840105056762695,0.013231515884399414,0.011881113052368164,0.012639641761779785
256,32,4,0.16701500556048224,0.11878116458070044,0.5843850373431428,0.012141942977905273,7.87897801399231,0.01269388198852539,3.9465984106063843,0.07520771026611328,1.878783941268921,0.07668375968933105,1.0480459928512573,0.01196442865857891,0.011859655380249023,0.013961315155029297,0.01192617416381836,0.012976646423339844
512,1,1,4.082677196053898,0.1562041020860859,0.9631496871227254,3.7321321964263916,5.173125982284546,4.048274993896484,4.753807425498962,0.13752269744873047,0.7216260433197021,0.13848257064819336,0.5734878778457642,0.023772702497594497,0.023740530014038086,0.024633407592773438,0.023752212524414062,0.024217605590820312
512,1,2,3.948380185108559,0.15601792055017807,0.961987624851723,3.622108221054077,5.0600175857543945,3.91729736328125,4.594510197639465,0.13361811637878418,0.7216997146606445,0.13827776908874512,0.5731319189071655,0.02376252529667873,0.02372455596923828,0.024489879608154297,0.02374744415283203,0.024130940437316895
512,1,3,4.027988251517801,0.15606360809475767,0.9627003647824746,3.6027159690856934,5.089178562164307,4.029418706893921,4.654799222946167,0.1374220848083496,0.7229161262512207,0.13852405548095703,0.5735775232315063,0.023753895479090074,0.023723602294921875,0.024552106857299805,0.023734569549560547,0.024164319038391113
512,1,4,3.981001199460497,0.15690209818821327,0.9620817387691563,3.560913562774658,5.374451160430908,3.9489917755126953,4.806689023971558,0.13843417167663574,0.7207674980163574,0.13919782638549805,0.5725866556167603,0.023775474697935815,0.023739099502563477,0.0245511531829834,0.023760080337524414,0.02417123317718506
512,2,1,1.8718873706518435,0.16095873888801127,0.9208209917451917,0.023897171020507812,4.9344847202301025,2.9200327396392822,4.10629415512085,0.13822031021118164,0.9491701126098633,0.1391150951385498,0.6870839595794678,0.023777484893798828,0.023648738861083984,0.024736642837524414,0.02374434471130371,0.024616360664367676
512,2,2,1.8054652214050293,0.15627279936098584,0.9203396183859633,0.023907184600830078,5.422066926956177,3.061641216278076,4.55520236492157,0.13741350173950195,0.7537980079650879,0.13833856582641602,0.5888605117797852,0.0237270991007487,0.023655176162719727,0.02454090118408203,0.023729562759399414,0.024195432662963867
512,2,3,1.8195270510280834,0.15629085372476018,0.9208981488887202,0.023875713348388672,5.418851375579834,3.0987672805786133,4.5016770362854,0.13811826705932617,0.71836256980896,0.13898563385009766,0.571548342704773,0.023723817339130475,0.02364969253540039,0.024577617645263672,0.02373051643371582,0.024179577827453613
512,2,4,1.8355664458929324,0.15976328943289964,0.919931384470241,0.02390432357788086,5.114720582962036,3.2427990436553955,4.407112956047058,0.13741111755371094,0.9271914958953857,0.13838887214660645,0.6755027770996094,0.023736014085657457,0.023656845092773438,0.024644136428833008,0.023747920989990234,0.024219393730163574
512,4,1,0.8448013464609782,0.1649163751041188,0.8366708124638114,0.02388787269592285,5.274039030075073,0.024379730224609375,4.232120633125305,0.1337888240814209,1.1744518280029297,0.13884854316711426,0.7998522520065308,0.02376107608570772,0.02365255355834961,0.025278091430664062,0.023690462112426758,0.025002121925354004
512,4,2,0.6901547441295549,0.1562352507722144,0.815409856315295,0.023957490921020508,6.005483865737915,0.0240633487701416,4.297765851020813,0.13780641555786133,0.7224409580230713,0.13901638984680176,0.5741360187530518,0.023718726401235544,0.023658037185668945,0.024636030197143555,0.023679733276367188,0.02422201633453369
512,4,3,0.6636514429952584,0.16971662465263815,0.7963485388495296,0.02393794059753418,4.881122827529907,0.024402141571044922,3.7556287050247192,0.13812994956970215,1.4159212112426758,0.13884687423706055,0.9199544191360474,0.02373179267434513,0.02365875244140625,0.024669647216796875,0.023696184158325195,0.024288177490234375
512,4,4,0.6408529375113693,0.15585830164890663,0.8043729095460239,0.023831844329833984,5.935359477996826,0.02408599853515625,4.342156767845154,0.13725996017456055,0.7241363525390625,0.13838696479797363,0.5740580558776855,0.023696562823127296,0.02364063262939453,0.024572372436523438,0.023656606674194336,0.0241624116897583
512,8,1,0.23835521118313657,0.16309156604841643,0.5937405023571884,0.023889780044555664,6.551516771316528,0.02419900894165039,3.67564857006073,0.13370013236999512,1.0675468444824219,0.13947558403015137,0.7456010580062866,0.026605718276079965,0.023650407791137695,0.17172884941101074,0.023689746856689453,0.09776937961578369
512,8,2,0.15778925372105018,0.16692489736220417,0.48593279102454073,0.02388143539428711,6.836266994476318,0.024167537689208984,3.4305601119995117,0.1342151165008545,1.2681944370269775,0.1390838623046875,0.8464703559875488,0.02369859639336081,0.023650169372558594,0.0247652530670166,0.023674964904785156,0.02425086498260498
512,8,3,0.1613292179855646,0.16010411580403647,0.501905686269505,0.02390742301940918,7.017993688583374,0.02414989471435547,3.5214611291885376,0.13766121864318848,0.9542839527130127,0.13842487335205078,0.6897776126861572,0.02369381399715648,0.023645877838134766,0.024770498275756836,0.023665666580200195,0.02425229549407959
512,8,4,0.16940179058149749,0.15734441140118768,0.518450679927029,0.023895978927612305,7.422580003738403,0.024323701858520508,3.723927617073059,0.1347179412841797,0.7374179363250732,0.13923907279968262,0.5805814266204834,0.02371521557078642,0.023649215698242188,0.02501964569091797,0.023679733276367188,0.024515748023986816
512,16,1,0.14766996047076056,0.18635249137878418,0.44209591197563036,0.023937463760375977,4.783447504043579,0.024179935455322266,2.787631869316101,0.13509321212768555,1.934833288192749,0.13858270645141602,1.2592387199401855,0.02370020922492532,0.023647069931030273,0.024605989456176758,0.023673295974731445,0.024243593215942383
512,16,2,0.1703470734988942,0.187960194606407,0.4754217641179182,0.02397632598876953,5.354056358337402,0.024359941482543945,3.744133472442627,0.13255977630615234,2.148313045501709,0.1401658058166504,1.3516956567764282,0.02372129758199056,0.023650169372558594,0.024981975555419922,0.023691654205322266,0.024434685707092285
512,16,3,0.1839005245881922,0.19240378866008684,0.48870161226894526,0.02384161949157715,8.162622690200806,0.02419137954711914,4.093957424163818,0.13384652137756348,1.8587496280670166,0.1400909423828125,1.2452620267868042,0.023712653739779602,0.02364492416381836,0.024709463119506836,0.0236968994140625,0.02425849437713623
512,16,4,0.13510441312602922,0.23221986434038946,0.3678069254172307,0.023921966552734375,5.021441221237183,0.024124860763549805,2.7703365087509155,0.13401269912719727,2.3695828914642334,0.1392350196838379,1.5279006958007812,0.023710101258520987,0.02364945411682129,0.02504730224609375,0.02366328239440918,0.02446603775024414
512,32,1,0.24882730315713322,0.18990177266737995,0.5671548043391167,0.023846149444580078,7.237359285354614,0.024125337600708008,5.752102375030518,0.13730120658874512,2.154574155807495,0.13869380950927734,1.3622201681137085,0.023707184137082567,0.02363276481628418,0.024742841720581055,0.023670673370361328,0.024370789527893066
512,32,2,0.2967362544115852,0.20379221205617867,0.5928459104547179,0.0238344669342041,13.089664459228516,0.02407383918762207,6.97546124458313,0.1309821605682373,1.8660860061645508,0.13813138008117676,1.2625452280044556,0.023714874304977117,0.023634672164916992,0.02503347396850586,0.023675203323364258,0.024442553520202637
512,32,3,0.3223225556167902,0.18841950566160912,0.6310867658128828,0.023955345153808594,12.531978130340576,0.024721622467041016,7.607377409934998,0.1381216049194336,2.1438138484954834,0.13906526565551758,1.3856288194656372,0.023769434760598576,0.02365279197692871,0.024953842163085938,0.02374124526977539,0.02445805072784424
512,32,4,0.2670562173805985,0.2017050116669898,0.5697062829261572,0.023914337158203125,10.80520749092102,0.024383544921875,6.2110230922698975,0.13373136520385742,2.2349853515625,0.13877582550048828,1.47395658493042,0.023739978378894282,0.02365851402282715,0.024982690811157227,0.023697853088378906,0.024523615837097168
